Workbook

Sheet Edad2
A1: cod_edad | B1: 2017 | C1: Hombres_2017 | D1: Mujeres_2017 | E1: 2018 | F1: Hombres_2018 | G1: Mujeres_2018 | H1: 2019 | I1: Hombres_2019 | J1: Mujeres_2019 | K1: 2020 | L1: Hombres_2020 | M1: Mujeres_2020 | N1: 2021 | O1: Hombres_2021 | P1: Mujeres_2021 | Q1: 2022 | R1: Hombres_2022 | S1: Mujeres_2022 | T1: 2023 | U1: Hombres_2023 | V1: Mujeres_2023
A2: 86 | B2: 1421 | C2: 701 | D2: 720 | E2: 1366 | F2: 656 | G2: 710 | H2: 1518 | I2: 778 | J2: 740 | K2: 1890 | L2: 982 | M2: 908 | N2: 1618 | O2: 781 | P2: 837 | Q2: 1703 | R2: 826 | S2: 877 | T2: 1634 | U2: 798 | V2: 836
A3: 87 | B3: 1410 | C3: 678 | D3: 732 | E3: 1443 | F3: 691 | G3: 752 | H3: 1417 | I3: 674 | J3: 743 | K3: 1846 | L3: 929 | M3: 917 | N3: 1580 | O3: 799 | P3: 781 | Q3: 1624 | R3: 763 | S3: 861 | T3: 1596 | U3: 744 | V3: 852
A4: 85 | B4: 1386 | C4: 697 | D4: 689 | E4: 1347 | F4: 679 | G4: 668 | H4: 1494 | I4: 751 | J4: 743 | K4: 1827 | L4: 986 | M4: 841 | N4: 1714 | O4: 891 | P4: 823 | Q4: 1658 | R4: 829 | S4: 829 | T4: 1552 | U4: 766 | V4: 786
A5: 84 | B5: 1359 | C5: 673 | D5: 686 | E5: 1426 | F5: 714 | G5: 712 | H5: 1401 | I5: 712 | J5: 689 | K5: 1866 | L5: 977 | M5: 889 | N5: 1619 | O5: 851 | P5: 768 | Q5: 1633 | R5: 829 | S5: 804 | T5: 1564 | U5: 802 | V5: 762
A6: 83 | B6: 1336 | C6: 688 | D6: 648 | E6: 1293 | F6: 650 | G6: 643 | H6: 1513 | I6: 793 | J6: 720 | K6: 1803 | L6: 1022 | M6: 781 | N6: 1588 | O6: 819 | P6: 769 | Q6: 1536 | R6: 728 | S6: 808 | T6: 1601 | U6: 805 | V6: 796
A7: 88 | B7: 1312 | C7: 623 | D7: 689 | E7: 1397 | F7: 668 | G7: 729 | H7: 1387 | I7: 674 | J7: 713 | K7: 1798 | L7: 893 | M7: 905 | N7: 1566 | O7: 728 | P7: 838 | Q7: 1640 | R7: 779 | S7: 861 | T7: 1513 | U7: 721 | V7: 792
A8: 81 | B8: 1300 | C8: 633 | D8: 667 | E8: 1294 | F8: 671 | G8: 623 | H8: 1344 | I8: 685 | J8: 659 | K8: 1878 | L8: 1030 | M8: 848 | N8: 1627 | O8: 876 | P8: 751 | Q8: 1540 | R8: 830 | S8: 710 | T8: 1416 | U8: 721 | V8: 695
A9: 82 | B9: 1300 | C9: 685 | D9: 615 | E9: 1341 | F9: 699 | G9: 642 | H9: 1375 | I9: 720 | J9: 655 | K9: 1784 | L9: 948 | M9: 836 | N9: 1600 | O9: 862 | P9: 738 | Q9: 1670 | R9: 878 | S9: 792 | T9: 1572 | U9: 820 | V9: 752
A10: 79 | B10: 1231 | C10: 651 | D10: 580 | E10: 1216 | F10: 638 | G10: 578 | H10: 1275 | I10: 675 | J10: 600 | K10: 1723 | L10: 992 | M10: 731 | N10: 1507 | O10: 801 | P10: 706 | Q10: 1454 | R10: 769 | S10: 685 | T10: 1443 | U10: 766 | V10: 677
A11: 78 | B11: 1216 | C11: 669 | D11: 547 | E11: 1238 | F11: 696 | G11: 542 | H11: 1228 | I11: 646 | J11: 582 | K11: 1736 | L11: 964 | M11: 772 | N11: 1460 | O11: 813 | P11: 647 | Q11: 1381 | R11: 739 | S11: 642 | T11: 1504 | U11: 829 | V11: 675
A12: 77 | B12: 1214 | C12: 666 | D12: 548 | E12: 1150 | F12: 584 | G12: 566 | H12: 1141 | I12: 622 | J12: 519 | K12: 1675 | L12: 943 | M12: 732 | N12: 1455 | O12: 794 | P12: 661 | Q12: 1495 | R12: 803 | S12: 692 | T12: 1363 | U12: 721 | V12: 642
A13: 90 | B13: 1166 | C13: 553 | D13: 613 | E13: 1096 | F13: 484 | G13: 612 | H13: 1400 | I13: 626 | J13: 774 | K13: 1664 | L13: 796 | M13: 868 | N13: 1538 | O13: 673 | P13: 865 | Q13: 1483 | R13: 666 | S13: 817 | T13: 1420 | U13: 631 | V13: 789
... A109: 107 | B109: 15 | C109: 6 | D109: 9 | E109: 18 | F109: 8 | G109: 10 | H109: 19 | I109: 7 | J109: 12 | K109: 15 | L109: 4 | M109: 11 | N109: 18 | O109: 3 | P109: 15 | Q109: 13 | R109: 4 | S109: 9 | T109: 10 | U109: 2 | V109: 8
A110: 110 | B110: 5 | C110: 1 | D110: 4 | E110: 1 | G110: 1 | H110: 1 | I110: 1 | K110: 7 | L110: 3 | M110: 4 | N110: 5 | O110: 2 | P110: 3 | Q110: 4 | R110: 1 | S110: 3 | T110: 4 | V110: 4
A111: 108 | B111: 4 | C111: 3 | D111: 1 | E111: 7 | F111: 5 | G111: 2 | H111: 12 | I111: 3 | J111: 9 | K111: 5 | L111: 2 | M111: 3 | N111: 6 | P111: 6 | Q111: 7 | R111: 3 | S111: 4 | T111: 8 | U111: 2 | V111: 6
A112: 111 | B112: 2 | C112: 1 | D112: 1 | E112: 3 | F112: 2 | G112: 1 | H112: 2 | J112: 2 | K112: 3 | M112: 3 | Q112: 1 | S112: 1 | T112: 2 | V112: 2
A113: 116 | B113: 2 | C113: 1 | D113: 1 | K113: 1 | L113: 1
A114: 117 | B114: 2 | C114: 1 | D114: 1 | K114: 1 | L114: 1
A115: 113 | B115: 1 | C115: 1 | E115: 1 | G115: 1 | H115: 3 | I115: 1 | J115: 2 | K115: 2 | L115: 1 | M115: 1 | Q115: 2 | R115: 1 | S115: 1 | T115: 1 | V115: 1
A116: 114 | B116: 1 | D116: 1 | K116: 3 | L116: 3
A117: 999 | B117: 1 | C117: 1 | E117: 4 | F117: 4 | H117: 28 | I117: 15 | J117: 13 | Q117: 2 | S117: 2 | T117: 2 | U117: 2
A118: 109 | E118: 7 | F118: 2 | G118: 5 | H118: 2 | I118: 2 | K118: 6 | L118: 3 | M118: 3 | N118: 4 | O118: 1 | P118: 3 | Q118: 7 | R118: 2 | S118: 5 | T118: 7 | U118: 1 | V118: 6
A119: 118 | E119: 2 | G119: 2 | H119: 1 | I119: 1
A120: 112 | H120: 1 | J120: 1 | K120: 1 | M120: 1 | N120: 1 | P120: 1 | Q120: 1 | R120: 1 | T120: 2 | V120: 2
A121: 115 | H121: 1 | J121: 1 | Q121: 1 | R121: 1
A122: 119 | H122: 1 | I122: 1 | K122: 2 | L122: 2
A123: 120 | N123: 2 | O123: 2 | T123: 1 | V123: 1

Sheet TDEDAD
A1: cod_edad | B1: 2017 | C1: 2018 | D1: 2019 | E1: 2020 | F1: 2021 | G1: 2022 | H1: 2023 | I1: Hombres_2017 | J1: Hombres_2018 | K1: Hombres_2019 | L1: Hombres_2020 | M1: Hombres_2021 | N1: Hombres_2022 | O1: Hombres_2023 | P1: Mujeres_2017 | Q1: Mujeres_2018 | R1: Mujeres_2019 | S1: Mujeres_2020 | T1: Mujeres_2021 | U1: Mujeres_2022 | V1: Mujeres_2023 | W1: VAR_AÑO1 | X1: VAR_AÑO2 | Y1: VAR_AÑO3 | Z1: VAR_AÑO4 | AA1: VAR_AÑO5 | AB1: VAR_AÑO6 | AC1: PROMEDIO | AD1: MEDIA | AE1: VARAB_AÑO1 | AF1: VARAB_AÑO2 | AG1: VARAB_AÑO3 | AH1: VARAB_AÑO4 | AI1: VARAB_AÑO5 | AJ1: VARAB_AÑO6 | AK1: PROMEDIO2 | AL1: MEDIA2 | AM1: VARH_AÑO1 | AN1: VARH_AÑO2 | AO1: VARH_AÑO3 | AP1: VARH_AÑO4 | AQ1: VARH_AÑO5 | AR1: VARH_AÑO6 | AS1: PROMEDIO3 | AT1: MEDIA3 | AU1: VARAH_AÑO1 | AV1: VARAH_AÑO2 | AW1: VARAH_AÑO3 | AX1: VARAH_AÑO4 | AY1: VARAH_AÑO5 | AZ1: VARAH_AÑO6 | BA1: PROMEDIO4 | BB1: MEDIA4 | BC1: VARM_AÑO1 | BD1: VARM_AÑO2 | BE1: VARM_AÑO3 | BF1: VARM_AÑO4 | BG1: VARM_AÑO5 | BH1: VARM_AÑO6 | BI1: PROMEDIO5 | BJ1: MEDIANA | BK1: VARAM_AÑO1 | BL1: VARAM_AÑO2 | BM1: VARAM_AÑO3 | BN1: VARAM_AÑO4 | BO1: VARAM_AÑO5 | BP1: VARAM_AÑO6 | BQ1: PROMEDIO6 | BR1: MEDIA5
A2: 0 | B2: 31 | C2: 55 | D2: 58 | E2: 43 | F2: 46 | G2: 36 | H2: 34 | I2: 14 | J2: 34 | K2: 30 | L2: 21 | M2: 24 | N2: 23 | O2: 24 | P2: 17 | Q2: 21 | R2: 28 | S2: 22 | T2: 22 | U2: 13 | V2: 10 | W2: =+(C2-B2)/B2 -> 0.77419355 | X2: =+(D2-C2)/C2 -> 0.054545455 | Y2: =+(E2-D2)/D2 -> -0.25862069 | Z2: =+(F2-E2)/E2 -> 0.069767442 | AA2: =+(G2-F2)/F2 -> -0.2173913 | AB2: =+(H2-G2)/G2 -> -0.055555556 | AC2: =+AVERAGE(W2:AB2) -> 0.061156483 | AD2: =MEDIAN(W2:AB2) -> -0.00050505051 | AE2: =C2-B2 -> 24 | AF2: =D2-C2 -> 3 | AG2: =E2-D2 -> -15 | AH2: =F2-E2 -> 3 | AI2: =G2-F2 -> -10 | AJ2: =H2-G2 -> -2 | AK2: =+AVERAGE(AE2:AJ2) -> 0.5 | AL2: =+MEDIAN(AE2:AJ2) -> 0.5 | AM2: =+(J2-I2)/I2 -> 1.4285714 | AN2: =+(K2-J2)/J2 -> -0.11764706 | AO2: =+(L2-K2)/K2 -> -0.3 | AP2: =+(M2-L2)/L2 -> 0.14285714 | AQ2: =+(N2-M2)/M2 -> -0.041666667 | AR2: =+(O2-N2)/N2 -> 0.043478261 | AS2: =+AVERAGE(AM2:AR2) -> 0.19259885 | AT2: =+MEDIAN(AM2:AR2) -> 0.0009057971 | AU2: =J2-I2 -> 20 | AV2: =K2-J2 -> -4 | AW2: =L2-K2 -> -9 | AX2: =M2-L2 -> 3 | AY2: =N2-M2 -> -1 | AZ2: =O2-N2 -> 1 | BA2: =+AVERAGE(AU2:AZ2) -> 1.6666667 | BB2: =MEDIAN(AU2:AZ2) -> 0 | BC2: =+(Q2-P2)/P2 -> 0.23529412 | BD2: =+(R2-Q2)/Q2 -> 0.33333333 | BE2: =+(S2-R2)/R2 -> -0.21428571 | BF2: =+(T2-S2)/S2 -> 0 | BG2: =+(U2-T2)/T2 -> -0.40909091 | BH2: =+(V2-U2)/U2 -> -0.23076923 | BI2: =+AVERAGE(BC2:BH2) -> -0.047586401 | BJ2: =MEDIAN(BC2:BH2) -> -0.10714286 | BK2: =+Q2-P2 -> 4 | BL2: =+R2-Q2 -> 7 | BM2: =+S2-R2 -> -6 | BN2: =+T2-S2 -> 0 | BO2: =+U2-T2 -> -9 | BP2: =+V2-U2 -> -3 | BQ2: =+AVERAGE(BK2:BP2) -> -1.1666667 | BR2: =MEDIAN(BK2:BP2) -> -1.5
A3: 1 | B3: 490 | C3: 464 | D3: 419 | E3: 292 | F3: 328 | G3: 338 | H3: 370 | I3: 267 | J3: 249 | K3: 228 | L3: 161 | M3: 194 | N3: 184 | O3: 207 | P3: 223 | Q3: 215 | R3: 191 | S3: 131 | T3: 134 | U3: 154 | V3: 163 | W3: =+(C3-B3)/B3 -> -0.053061224 | X3: =+(D3-C3)/C3 -> -0.096982759 | Y3: =+(E3-D3)/D3 -> -0.30310263 | Z3: =+(F3-E3)/E3 -> 0.12328767 | AA3: =+(G3-F3)/F3 -> 0.030487805 | AB3: =+(H3-G3)/G3 -> 0.094674556 | AC3: =+AVERAGE(W3:AB3) -> -0.034116096 | AD3: =MEDIAN(W3:AB3) -> -0.01128671 | AE3: =C3-B3 -> -26 | AF3: =D3-C3 -> -45 | AG3: =E3-D3 -> -127 | AH3: =F3-E3 -> 36 | AI3: =G3-F3 -> 10 | AJ3: =H3-G3 -> 32 | AK3: =+AVERAGE(AE3:AJ3) -> -20 | AL3: =+MEDIAN(AE3:AJ3) -> -8 | AM3: =+(J3-I3)/I3 -> -0.06741573 | AN3: =+(K3-J3)/J3 -> -0.084337349 | AO3: =+(L3-K3)/K3 -> -0.29385965 | AP3: =+(M3-L3)/L3 -> 0.20496894 | AQ3: =+(N3-M3)/M3 -> -0.051546392 | AR3: =+(O3-N3)/N3 -> 0.125 | AS3: =+AVERAGE(AM3:AR3) -> -0.027865029 | AT3: =+MEDIAN(AM3:AR3) -> -0.059481061 | AU3: =J3-I3 -> -18 | AV3: =K3-J3 -> -21 | AW3: =L3-K3 -> -67 | AX3: =M3-L3 -> 33 | AY3: =N3-M3 -> -10 | AZ3: =O3-N3 -> 23 | BA3: =+AVERAGE(AU3:AZ3) -> -10 | BB3: =MEDIAN(AU3:AZ3) -> -14 | BC3: =+(Q3-P3)/P3 -> -0.035874439 | BD3: =+(R3-Q3)/Q3 -> -0.11162791 | BE3: =+(S3-R3)/R3 -> -0.31413613 | BF3: =+(T3-S3)/S3 -> 0.022900763 | BG3: =+(U3-T3)/T3 -> 0.14925373 | BH3: =+(V3-U3)/U3 -> 0.058441558 | BI3: =+AVERAGE(BC3:BH3) -> -0.03850707 | BJ3: =MEDIAN(BC3:BH3) -> -0.0064868381 | BK3: =+Q3-P3 -> -8 | BL3: =+R3-Q3 -> -24 | BM3: =+S3-R3 -> -60 | BN3: =+T3-S3 -> 3 | BO3: =+U3-T3 -> 20 | BP3: =+V3-U3 -> 9 | BQ3: =+AVERAGE(BK3:BP3) -> -10 | BR3: =MEDIAN(BK3:BP3) -> -2.5
A4: 2 | B4: 265 | C4: 297 | D4: 297 | E4: 203 | F4: 195 | G4: 243 | H4: 238 | I4: 146 | J4: 156 | K4: 156 | L4: 102 | M4: 114 | N4: 118 | O4: 125 | P4: 119 | Q4: 141 | R4: 141 | S4: 101 | T4: 81 | U4: 125 | V4: 113 | W4: =+(C4-B4)/B4 -> 0.12075472 | X4: =+(D4-C4)/C4 -> 0 | Y4: =+(E4-D4)/D4 -> -0.31649832 | Z4: =+(F4-E4)/E4 -> -0.039408867 | AA4: =+(G4-F4)/F4 -> 0.24615385 | AB4: =+(H4-G4)/G4 -> -0.020576132 | AC4: =+AVERAGE(W4:AB4) -> -0.001595792 | AD4: =MEDIAN(W4:AB4) -> -0.010288066 | AE4: =C4-B4 -> 32 | AF4: =D4-C4 -> 0 | AG4: =E4-D4 -> -94 | AH4: =F4-E4 -> -8 | AI4: =G4-F4 -> 48 | AJ4: =H4-G4 -> -5 | AK4: =+AVERAGE(AE4:AJ4) -> -4.5 | AL4: =+MEDIAN(AE4:AJ4) -> -2.5 | AM4: =+(J4-I4)/I4 -> 0.068493151 | AN4: =+(K4-J4)/J4 -> 0 | AO4: =+(L4-K4)/K4 -> -0.34615385 | AP4: =+(M4-L4)/L4 -> 0.11764706 | AQ4: =+(N4-M4)/M4 -> 0.035087719 | AR4: =+(O4-N4)/N4 -> 0.059322034 | AS4: =+AVERAGE(AM4:AR4) -> -0.010933981 | AT4: =+MEDIAN(AM4:AR4) -> 0.047204877 | AU4: =J4-I4 -> 10 | AV4: =K4-J4 -> 0 | AW4: =L4-K4 -> -54 | AX4: =M4-L4 -> 12 | AY4: =N4-M4 -> 4 | AZ4: =O4-N4 -> 7 | BA4: =+AVERAGE(AU4:AZ4) -> -3.5 | BB4: =MEDIAN(AU4:AZ4) -> 5.5 | BC4: =+(Q4-P4)/P4 -> 0.18487395 | BD4: =+(R4-Q4)/Q4 -> 0 | BE4: =+(S4-R4)/R4 -> -0.28368794 | BF4: =+(T4-S4)/S4 -> -0.1980198 | BG4: =+(U4-T4)/T4 -> 0.54320988 | BH4: =+(V4-U4)/U4 -> -0.096 | BI4: =+AVERAGE(BC4:BH4) -> 0.02506268 | BJ4: =MEDIAN(BC4:BH4) -> -0.048 | BK4: =+Q4-P4 -> 22 | BL4: =+R4-Q4 -> 0 | BM4: =+S4-R4 -> -40 | BN4: =+T4-S4 -> -20 | BO4: =+U4-T4 -> 44 | BP4: =+V4-U4 -> -12 | BQ4: =+AVERAGE(BK4:BP4) -> -1 | BR4: =MEDIAN(BK4:BP4) -> -6
A5: 3 | B5: 190 | C5: 178 | D5: 177 | E5: 126 | F5: 155 | G5: 162 | H5: 145 | I5: 106 | J5: 99 | K5: 90 | L5: 68 | M5: 79 | N5: 95 | O5: 77 | P5: 84 | Q5: 79 | R5: 87 | S5: 58 | T5: 76 | U5: 67 | V5: 68 | W5: =+(C5-B5)/B5 -> -0.063157895 | X5: =+(D5-C5)/C5 -> -0.0056179775 | Y5: =+(E5-D5)/D5 -> -0.28813559 | Z5: =+(F5-E5)/E5 -> 0.23015873 | AA5: =+(G5-F5)/F5 -> 0.04516129 | AB5: =+(H5-G5)/G5 -> -0.10493827 | AC5: =+AVERAGE(W5:AB5) -> -0.031088286 | AD5: =MEDIAN(W5:AB5) -> -0.034387936 | AE5: =C5-B5 -> -12 | AF5: =D5-C5 -> -1 | AG5: =E5-D5 -> -51 | AH5: =F5-E5 -> 29 | AI5: =G5-F5 -> 7 | AJ5: =H5-G5 -> -17 | AK5: =+AVERAGE(AE5:AJ5) -> -7.5 | AL5: =+MEDIAN(AE5:AJ5) -> -6.5 | AM5: =+(J5-I5)/I5 -> -0.066037736 | AN5: =+(K5-J5)/J5 -> -0.090909091 | AO5: =+(L5-K5)/K5 -> -0.24444444 | AP5: =+(M5-L5)/L5 -> 0.16176471 | AQ5: =+(N5-M5)/M5 -> 0.20253165 | AR5: =+(O5-N5)/N5 -> -0.18947368 | AS5: =+AVERAGE(AM5:AR5) -> -0.037761434 | AT5: =+MEDIAN(AM5:AR5) -> -0.078473413 | AU5: =J5-I5 -> -7 | AV5: =K5-J5 -> -9 | AW5: =L5-K5 -> -22 | AX5: =M5-L5 -> 11 | AY5: =N5-M5 -> 16 | AZ5: =O5-N5 -> -18 | BA5: =+AVERAGE(AU5:AZ5) -> -4.8333333 | BB5: =MEDIAN(AU5:AZ5) -> -8 | BC5: =+(Q5-P5)/P5 -> -0.05952381 | BD5: =+(R5-Q5)/Q5 -> 0.10126582 | BE5: =+(S5-R5)/R5 -> -0.33333333 | BF5: =+(T5-S5)/S5 -> 0.31034483 | BG5: =+(U5-T5)/T5 -> -0.11842105 | BH5: =+(V5-U5)/U5 -> 0.014925373 | BI5: =+AVERAGE(BC5:BH5) -> -0.014123695 | BJ5: =MEDIAN(BC5:BH5) -> -0.022299218 | BK5: =+Q5-P5 -> -5 | BL5: =+R5-Q5 -> 8 | BM5: =+S5-R5 -> -29 | BN5: =+T5-S5 -> 18 | BO5: =+U5-T5 -> -9 | BP5: =+V5-U5 -> 1 | BQ5: =+AVERAGE(BK5:BP5) -> -2.6666667 | BR5: =MEDIAN(BK5:BP5) -> -2
A6: 4 | B6: 164 | C6: 128 | D6: 139 | E6: 132 | F6: 118 | G6: 121 | H6: 126 | I6: 79 | J6: 67 | K6: 81 | L6: 76 | M6: 57 | N6: 56 | O6: 75 | P6: 85 | Q6: 61 | R6: 58 | S6: 56 | T6: 61 | U6: 65 | V6: 51 | W6: =+(C6-B6)/B6 -> -0.2195122 | X6: =+(D6-C6)/C6 -> 0.0859375 | Y6: =+(E6-D6)/D6 -> -0.050359712 | Z6: =+(F6-E6)/E6 -> -0.10606061 | AA6: =+(G6-F6)/F6 -> 0.025423729 | AB6: =+(H6-G6)/G6 -> 0.041322314 | AC6: =+AVERAGE(W6:AB6) -> -0.037208162 | AD6: =MEDIAN(W6:AB6) -> -0.012467992 | AE6: =C6-B6 -> -36 | AF6: =D6-C6 -> 11 | AG6: =E6-D6 -> -7 | AH6: =F6-E6 -> -14 | AI6: =G6-F6 -> 3 | AJ6: =H6-G6 -> 5 | AK6: =+AVERAGE(AE6:AJ6) -> -6.3333333 | AL6: =+MEDIAN(AE6:AJ6) -> -2 | AM6: =+(J6-I6)/I6 -> -0.15189873 | AN6: =+(K6-J6)/J6 -> 0.20895522 | AO6: =+(L6-K6)/K6 -> -0.061728395 | AP6: =+(M6-L6)/L6 -> -0.25 | AQ6: =+(N6-M6)/M6 -> -0.01754386 | AR6: =+(O6-N6)/N6 -> 0.33928571 | AS6: =+AVERAGE(AM6:AR6) -> 0.011178325 | AT6: =+MEDIAN(AM6:AR6) -> -0.039636127 | AU6: =J6-I6 -> -12 | AV6: =K6-J6 -> 14 | AW6: =L6-K6 -> -5 | AX6: =M6-L6 -> -19 | AY6: =N6-M6 -> -1 | AZ6: =O6-N6 -> 19 | BA6: =+AVERAGE(AU6:AZ6) -> -0.66666667 | BB6: =MEDIAN(AU6:AZ6) -> -3 | BC6: =+(Q6-P6)/P6 -> -0.28235294 | BD6: =+(R6-Q6)/Q6 -> -0.049180328 | BE6: =+(S6-R6)/R6 -> -0.034482759 | BF6: =+(T6-S6)/S6 -> 0.089285714 | BG6: =+(U6-T6)/T6 -> 0.06557377 | BH6: =+(V6-U6)/U6 -> -0.21538462 | BI6: =+AVERAGE(BC6:BH6) -> -0.071090193 | BJ6: =MEDIAN(BC6:BH6) -> -0.041831543 | BK6: =+Q6-P6 -> -24 | BL6: =+R6-Q6 -> -3 | BM6: =+S6-R6 -> -2 | BN6: =+T6-S6 -> 5 | BO6: =+U6-T6 -> 4 | BP6: =+V6-U6 -> -14 | BQ6: =+AVERAGE(BK6:BP6) -> -5.6666667 | BR6: =MEDIAN(BK6:BP6) -> -2.5
A7: 5 | B7: 126 | C7: 127 | D7: 111 | E7: 70 | F7: 83 | G7: 105 | H7: 100 | I7: 66 | J7: 61 | K7: 61 | L7: 40 | M7: 46 | N7: 46 | O7: 51 | P7: 60 | Q7: 66 | R7: 50 | S7: 30 | T7: 37 | U7: 59 | V7: 49 | W7: =+(C7-B7)/B7 -> 0.0079365079 | X7: =+(D7-C7)/C7 -> -0.12598425 | Y7: =+(E7-D7)/D7 -> -0.36936937 | Z7: =+(F7-E7)/E7 -> 0.18571429 | AA7: =+(G7-F7)/F7 -> 0.26506024 | AB7: =+(H7-G7)/G7 -> -0.047619048 | AC7: =+AVERAGE(W7:AB7) -> -0.014043606 | AD7: =MEDIAN(W7:AB7) -> -0.01984127 | AE7: =C7-B7 -> 1 | AF7: =D7-C7 -> -16 | AG7: =E7-D7 -> -41 | AH7: =F7-E7 -> 13 | AI7: =G7-F7 -> 22 | AJ7: =H7-G7 -> -5 | AK7: =+AVERAGE(AE7:AJ7) -> -4.3333333 | AL7: =+MEDIAN(AE7:AJ7) -> -2 | AM7: =+(J7-I7)/I7 -> -0.075757576 | AN7: =+(K7-J7)/J7 -> 0 | AO7: =+(L7-K7)/K7 -> -0.3442623 | AP7: =+(M7-L7)/L7 -> 0.15 | AQ7: =+(N7-M7)/M7 -> 0 | AR7: =+(O7-N7)/N7 -> 0.10869565 | AS7: =+AVERAGE(AM7:AR7) -> -0.02688737 | AT7: =+MEDIAN(AM7:AR7) -> 0 | AU7: =J7-I7 -> -5 | AV7: =K7-J7 -> 0 | AW7: =L7-K7 -> -21 | AX7: =M7-L7 -> 6 | AY7: =N7-M7 -> 0 | AZ7: =O7-N7 -> 5 | BA7: =+AVERAGE(AU7:AZ7) -> -2.5 | BB7: =MEDIAN(AU7:AZ7) -> 0 | BC7: =+(Q7-P7)/P7 -> 0.1 | BD7: =+(R7-Q7)/Q7 -> -0.24242424 | BE7: =+(S7-R7)/R7 -> -0.4 | BF7: =+(T7-S7)/S7 -> 0.23333333 | BG7: =+(U7-T7)/T7 -> 0.59459459 | BH7: =+(V7-U7)/U7 -> -0.16949153 | BI7: =+AVERAGE(BC7:BH7) -> 0.01933536 | BJ7: =MEDIAN(BC7:BH7) -> -0.034745763 | BK7: =+Q7-P7 -> 6 | BL7: =+R7-Q7 -> -16 | BM7: =+S7-R7 -> -20 | BN7: =+T7-S7 -> 7 | BO7: =+U7-T7 -> 22 | BP7: =+V7-U7 -> -10 | BQ7: =+AVERAGE(BK7:BP7) -> -1.8333333 | BR7: =MEDIAN(BK7:BP7) -> -2
A8: 6 | B8: 123 | C8: 97 | D8: 95 | E8: 90 | F8: 95 | G8: 93 | H8: 102 | I8: 75 | J8: 48 | K8: 46 | L8: 51 | M8: 49 | N8: 41 | O8: 55 | P8: 48 | Q8: 49 | R8: 49 | S8: 39 | T8: 46 | U8: 52 | V8: 47 | W8: =+(C8-B8)/B8 -> -0.21138211 | X8: =+(D8-C8)/C8 -> -0.020618557 | Y8: =+(E8-D8)/D8 -> -0.052631579 | Z8: =+(F8-E8)/E8 -> 0.055555556 | AA8: =+(G8-F8)/F8 -> -0.021052632 | AB8: =+(H8-G8)/G8 -> 0.096774194 | AC8: =+AVERAGE(W8:AB8) -> -0.025559189 | AD8: =MEDIAN(W8:AB8) -> -0.020835594 | AE8: =C8-B8 -> -26 | AF8: =D8-C8 -> -2 | AG8: =E8-D8 -> -5 | AH8: =F8-E8 -> 5 | AI8: =G8-F8 -> -2 | AJ8: =H8-G8 -> 9 | AK8: =+AVERAGE(AE8:AJ8) -> -3.5 | AL8: =+MEDIAN(AE8:AJ8) -> -2 | AM8: =+(J8-I8)/I8 -> -0.36 | AN8: =+(K8-J8)/J8 -> -0.041666667 | AO8: =+(L8-K8)/K8 -> 0.10869565 | AP8: =+(M8-L8)/L8 -> -0.039215686 | AQ8: =+(N8-M8)/M8 -> -0.16326531 | AR8: =+(O8-N8)/N8 -> 0.34146341 | AS8: =+AVERAGE(AM8:AR8) -> -0.025664765 | AT8: =+MEDIAN(AM8:AR8) -> -0.040441176 | AU8: =J8-I8 -> -27 | AV8: =K8-J8 -> -2 | AW8: =L8-K8 -> 5 | AX8: =M8-L8 -> -2 | AY8: =N8-M8 -> -8 | AZ8: =O8-N8 -> 14 | BA8: =+AVERAGE(AU8:AZ8) -> -3.3333333 | BB8: =MEDIAN(AU8:AZ8) -> -2 | BC8: =+(Q8-P8)/P8 -> 0.020833333 | BD8: =+(R8-Q8)/Q8 -> 0 | BE8: =+(S8-R8)/R8 -> -0.20408163 | BF8: =+(T8-S8)/S8 -> 0.17948718 | BG8: =+(U8-T8)/T8 -> 0.13043478 | BH8: =+(V8-U8)/U8 -> -0.096153846 | BI8: =+AVERAGE(BC8:BH8) -> 0.0050866361 | BJ8: =MEDIAN(BC8:BH8) -> 0.010416667 | BK8: =+Q8-P8 -> 1 | BL8: =+R8-Q8 -> 0 | BM8: =+S8-R8 -> -10 | BN8: =+T8-S8 -> 7 | BO8: =+U8-T8 -> 6 | BP8: =+V8-U8 -> -5 | BQ8: =+AVERAGE(BK8:BP8) -> -0.16666667 | BR8: =MEDIAN(BK8:BP8) -> 0.5
A9: 7 | B9: 92 | C9: 111 | D9: 87 | E9: 63 | F9: 65 | G9: 99 | H9: 80 | I9: 50 | J9: 63 | K9: 53 | L9: 31 | M9: 37 | N9: 57 | O9: 36 | P9: 42 | Q9: 48 | R9: 34 | S9: 32 | T9: 28 | U9: 42 | V9: 44 | W9: =+(C9-B9)/B9 -> 0.20652174 | X9: =+(D9-C9)/C9 -> -0.21621622 | Y9: =+(E9-D9)/D9 -> -0.27586207 | Z9: =+(F9-E9)/E9 -> 0.031746032 | AA9: =+(G9-F9)/F9 -> 0.52307692 | AB9: =+(H9-G9)/G9 -> -0.19191919 | AC9: =+AVERAGE(W9:AB9) -> 0.012891203 | AD9: =MEDIAN(W9:AB9) -> -0.08008658 | AE9: =C9-B9 -> 19 | AF9: =D9-C9 -> -24 | AG9: =E9-D9 -> -24 | AH9: =F9-E9 -> 2 | AI9: =G9-F9 -> 34 | AJ9: =H9-G9 -> -19 | AK9: =+AVERAGE(AE9:AJ9) -> -2 | AL9: =+MEDIAN(AE9:AJ9) -> -8.5 | AM9: =+(J9-I9)/I9 -> 0.26 | AN9: =+(K9-J9)/J9 -> -0.15873016 | AO9: =+(L9-K9)/K9 -> -0.41509434 | AP9: =+(M9-L9)/L9 -> 0.19354839 | AQ9: =+(N9-M9)/M9 -> 0.54054054 | AR9: =+(O9-N9)/N9 -> -0.36842105 | AS9: =+AVERAGE(AM9:AR9) -> 0.0086405628 | AT9: =+MEDIAN(AM9:AR9) -> 0.017409114 | AU9: =J9-I9 -> 13 | AV9: =K9-J9 -> -10 | AW9: =L9-K9 -> -22 | AX9: =M9-L9 -> 6 | AY9: =N9-M9 -> 20 | AZ9: =O9-N9 -> -21 | BA9: =+AVERAGE(AU9:AZ9) -> -2.3333333 | BB9: =MEDIAN(AU9:AZ9) -> -2 | BC9: =+(Q9-P9)/P9 -> 0.14285714 | BD9: =+(R9-Q9)/Q9 -> -0.29166667 | BE9: =+(S9-R9)/R9 -> -0.058823529 | BF9: =+(T9-S9)/S9 -> -0.125 | BG9: =+(U9-T9)/T9 -> 0.5 | BH9: =+(V9-U9)/U9 -> 0.047619048 | BI9: =+AVERAGE(BC9:BH9) -> 0.035830999 | BJ9: =MEDIAN(BC9:BH9) -> -0.0056022409 | BK9: =+Q9-P9 -> 6 | BL9: =+R9-Q9 -> -14 | BM9: =+S9-R9 -> -2 | BN9: =+T9-S9 -> -4 | BO9: =+U9-T9 -> 14 | BP9: =+V9-U9 -> 2 | BQ9: =+AVERAGE(BK9:BP9) -> 0.33333333 | BR9: =MEDIAN(BK9:BP9) -> 0
A10: 8 | B10: 100 | C10: 83 | D10: 90 | E10: 66 | F10: 62 | G10: 84 | H10: 81 | I10: 54 | J10: 37 | K10: 48 | L10: 37 | M10: 31 | N10: 44 | O10: 41 | P10: 46 | Q10: 46 | R10: 42 | S10: 29 | T10: 31 | U10: 40 | V10: 40 | W10: =+(C10-B10)/B10 -> -0.17 | X10: =+(D10-C10)/C10 -> 0.084337349 | Y10: =+(E10-D10)/D10 -> -0.26666667 | Z10: =+(F10-E10)/E10 -> -0.060606061 | AA10: =+(G10-F10)/F10 -> 0.35483871 | AB10: =+(H10-G10)/G10 -> -0.035714286 | AC10: =+AVERAGE(W10:AB10) -> -0.015635159 | AD10: =MEDIAN(W10:AB10) -> -0.048160173 | AE10: =C10-B10 -> -17 | AF10: =D10-C10 -> 7 | AG10: =E10-D10 -> -24 | AH10: =F10-E10 -> -4 | AI10: =G10-F10 -> 22 | AJ10: =H10-G10 -> -3 | AK10: =+AVERAGE(AE10:AJ10) -> -3.1666667 | AL10: =+MEDIAN(AE10:AJ10) -> -3.5 | AM10: =+(J10-I10)/I10 -> -0.31481481 | AN10: =+(K10-J10)/J10 -> 0.2972973 | AO10: =+(L10-K10)/K10 -> -0.22916667 | AP10: =+(M10-L10)/L10 -> -0.16216216 | AQ10: =+(N10-M10)/M10 -> 0.41935484 | AR10: =+(O10-N10)/N10 -> -0.068181818 | AS10: =+AVERAGE(AM10:AR10) -> -0.009612221 | AT10: =+MEDIAN(AM10:AR10) -> -0.11517199 | AU10: =J10-I10 -> -17 | AV10: =K10-J10 -> 11 | AW10: =L10-K10 -> -11 | AX10: =M10-L10 -> -6 | AY10: =N10-M10 -> 13 | AZ10: =O10-N10 -> -3 | BA10: =+AVERAGE(AU10:AZ10) -> -2.1666667 | BB10: =MEDIAN(AU10:AZ10) -> -4.5 | BC10: =+(Q10-P10)/P10 -> 0 | BD10: =+(R10-Q10)/Q10 -> -0.086956522 | BE10: =+(S10-R10)/R10 -> -0.30952381 | BF10: =+(T10-S10)/S10 -> 0.068965517 | BG10: =+(U10-T10)/T10 -> 0.29032258 | BH10: =+(V10-U10)/U10 -> 0 | BI10: =+AVERAGE(BC10:BH10) -> -0.0061987056 | BJ10: =MEDIAN(BC10:BH10) -> 0 | BK10: =+Q10-P10 -> 0 | BL10: =+R10-Q10 -> -4 | BM10: =+S10-R10 -> -13 | BN10: =+T10-S10 -> 2 | BO10: =+U10-T10 -> 9 | BP10: =+V10-U10 -> 0 | BQ10: =+AVERAGE(BK10:BP10) -> -1 | BR10: =MEDIAN(BK10:BP10) -> 0
A11: 9 | B11: 84 | C11: 80 | D11: 96 | E11: 70 | F11: 86 | G11: 61 | H11: 82 | I11: 38 | J11: 39 | K11: 48 | L11: 39 | M11: 42 | N11: 33 | O11: 50 | P11: 46 | Q11: 41 | R11: 48 | S11: 31 | T11: 44 | U11: 28 | V11: 32 | W11: =+(C11-B11)/B11 -> -0.047619048 | X11: =+(D11-C11)/C11 -> 0.2 | Y11: =+(E11-D11)/D11 -> -0.27083333 | Z11: =+(F11-E11)/E11 -> 0.22857143 | AA11: =+(G11-F11)/F11 -> -0.29069767 | AB11: =+(H11-G11)/G11 -> 0.3442623 | AC11: =+AVERAGE(W11:AB11) -> 0.027280611 | AD11: =MEDIAN(W11:AB11) -> 0.076190476 | AE11: =C11-B11 -> -4 | AF11: =D11-C11 -> 16 | AG11: =E11-D11 -> -26 | AH11: =F11-E11 -> 16 | AI11: =G11-F11 -> -25 | AJ11: =H11-G11 -> 21 | AK11: =+AVERAGE(AE11:AJ11) -> -0.33333333 | AL11: =+MEDIAN(AE11:AJ11) -> 6 | AM11: =+(J11-I11)/I11 -> 0.026315789 | AN11: =+(K11-J11)/J11 -> 0.23076923 | AO11: =+(L11-K11)/K11 -> -0.1875 | AP11: =+(M11-L11)/L11 -> 0.076923077 | AQ11: =+(N11-M11)/M11 -> -0.21428571 | AR11: =+(O11-N11)/N11 -> 0.51515152 | AS11: =+AVERAGE(AM11:AR11) -> 0.074562316 | AT11: =+MEDIAN(AM11:AR11) -> 0.051619433 | AU11: =J11-I11 -> 1 | AV11: =K11-J11 -> 9 | AW11: =L11-K11 -> -9 | AX11: =M11-L11 -> 3 | AY11: =N11-M11 -> -9 | AZ11: =O11-N11 -> 17 | BA11: =+AVERAGE(AU11:AZ11) -> 2 | BB11: =MEDIAN(AU11:AZ11) -> 2 | BC11: =+(Q11-P11)/P11 -> -0.10869565 | BD11: =+(R11-Q11)/Q11 -> 0.17073171 | BE11: =+(S11-R11)/R11 -> -0.35416667 | BF11: =+(T11-S11)/S11 -> 0.41935484 | BG11: =+(U11-T11)/T11 -> -0.36363636 | BH11: =+(V11-U11)/U11 -> 0.14285714 | BI11: =+AVERAGE(BC11:BH11) -> -0.015592499 | BJ11: =MEDIAN(BC11:BH11) -> 0.017080745 | BK11: =+Q11-P11 -> -5 | BL11: =+R11-Q11 -> 7 | BM11: =+S11-R11 -> -17 | BN11: =+T11-S11 -> 13 | BO11: =+U11-T11 -> -16 | BP11: =+V11-U11 -> 4 | BQ11: =+AVERAGE(BK11:BP11) -> -2.3333333 | BR11: =MEDIAN(BK11:BP11) -> -0.5
A12: 10 | B12: 68 | C12: 73 | D12: 73 | E12: 62 | F12: 61 | G12: 71 | H12: 64 | I12: 36 | J12: 40 | K12: 31 | L12: 29 | M12: 30 | N12: 36 | O12: 36 | P12: 32 | Q12: 33 | R12: 42 | S12: 33 | T12: 31 | U12: 35 | V12: 28 | W12: =+(C12-B12)/B12 -> 0.073529412 | X12: =+(D12-C12)/C12 -> 0 | Y12: =+(E12-D12)/D12 -> -0.15068493 | Z12: =+(F12-E12)/E12 -> -0.016129032 | AA12: =+(G12-F12)/F12 -> 0.16393443 | AB12: =+(H12-G12)/G12 -> -0.098591549 | AC12: =+AVERAGE(W12:AB12) -> -0.0046569458 | AD12: =MEDIAN(W12:AB12) -> -0.0080645161 | AE12: =C12-B12 -> 5 | AF12: =D12-C12 -> 0 | AG12: =E12-D12 -> -11 | AH12: =F12-E12 -> -1 | AI12: =G12-F12 -> 10 | AJ12: =H12-G12 -> -7 | AK12: =+AVERAGE(AE12:AJ12) -> -0.66666667 | AL12: =+MEDIAN(AE12:AJ12) -> -0.5 | AM12: =+(J12-I12)/I12 -> 0.11111111 | AN12: =+(K12-J12)/J12 -> -0.225 | AO12: =+(L12-K12)/K12 -> -0.064516129 | AP12: =+(M12-L12)/L12 -> 0.034482759 | AQ12: =+(N12-M12)/M12 -> 0.2 | AR12: =+(O12-N12)/N12 -> 0 | AS12: =+AVERAGE(AM12:AR12) -> 0.0093462901 | AT12: =+MEDIAN(AM12:AR12) -> 0.017241379 | AU12: =J12-I12 -> 4 | AV12: =K12-J12 -> -9 | AW12: =L12-K12 -> -2 | AX12: =M12-L12 -> 1 | AY12: =N12-M12 -> 6 | AZ12: =O12-N12 -> 0 | BA12: =+AVERAGE(AU12:AZ12) -> 0 | BB12: =MEDIAN(AU12:AZ12) -> 0.5 | BC12: =+(Q12-P12)/P12 -> 0.03125 | BD12: =+(R12-Q12)/Q12 -> 0.27272727 | BE12: =+(S12-R12)/R12 -> -0.21428571 | BF12: =+(T12-S12)/S12 -> -0.060606061 | BG12: =+(U12-T12)/T12 -> 0.12903226 | BH12: =+(V12-U12)/U12 -> -0.2 | BI12: =+AVERAGE(BC12:BH12) -> -0.006980374 | BJ12: =MEDIAN(BC12:BH12) -> -0.01467803 | BK12: =+Q12-P12 -> 1 | BL12: =+R12-Q12 -> 9 | BM12: =+S12-R12 -> -9 | BN12: =+T12-S12 -> -2 | BO12: =+U12-T12 -> 4 | BP12: =+V12-U12 -> -7 | BQ12: =+AVERAGE(BK12:BP12) -> -0.66666667 | BR12: =MEDIAN(BK12:BP12) -> -0.5
A13: 11 | B13: 72 | C13: 89 | D13: 87 | E13: 64 | F13: 80 | G13: 68 | H13: 76 | I13: 40 | J13: 43 | K13: 42 | L13: 27 | M13: 39 | N13: 34 | O13: 43 | P13: 32 | Q13: 46 | R13: 45 | S13: 37 | T13: 41 | U13: 34 | V13: 33 | W13: =+(C13-B13)/B13 -> 0.23611111 | X13: =+(D13-C13)/C13 -> -0.02247191 | Y13: =+(E13-D13)/D13 -> -0.26436782 | Z13: =+(F13-E13)/E13 -> 0.25 | AA13: =+(G13-F13)/F13 -> -0.15 | AB13: =+(H13-G13)/G13 -> 0.11764706 | AC13: =+AVERAGE(W13:AB13) -> 0.027819741 | AD13: =MEDIAN(W13:AB13) -> 0.047587574 | AE13: =C13-B13 -> 17 | AF13: =D13-C13 -> -2 | AG13: =E13-D13 -> -23 | AH13: =F13-E13 -> 16 | AI13: =G13-F13 -> -12 | AJ13: =H13-G13 -> 8 | AK13: =+AVERAGE(AE13:AJ13) -> 0.66666667 | AL13: =+MEDIAN(AE13:AJ13) -> 3 | AM13: =+(J13-I13)/I13 -> 0.075 | AN13: =+(K13-J13)/J13 -> -0.023255814 | AO13: =+(L13-K13)/K13 -> -0.35714286 | AP13: =+(M13-L13)/L13 -> 0.44444444 | AQ13: =+(N13-M13)/M13 -> -0.12820513 | AR13: =+(O13-N13)/N13 -> 0.26470588 | AS13: =+AVERAGE(AM13:AR13) -> 0.045924421 | AT13: =+MEDIAN(AM13:AR13) -> 0.025872093 | AU13: =J13-I13 -> 3 | AV13: =K13-J13 -> -1 | AW13: =L13-K13 -> -15 | AX13: =M13-L13 -> 12 | AY13: =N13-M13 -> -5 | AZ13: =O13-N13 -> 9 | BA13: =+AVERAGE(AU13:AZ13) -> 0.5 | BB13: =MEDIAN(AU13:AZ13) -> 1 | BC13: =+(Q13-P13)/P13 -> 0.4375 | BD13: =+(R13-Q13)/Q13 -> -0.02173913 | BE13: =+(S13-R13)/R13 -> -0.17777778 | BF13: =+(T13-S13)/S13 -> 0.10810811 | BG13: =+(U13-T13)/T13 -> -0.17073171 | BH13: =+(V13-U13)/U13 -> -0.029411765 | BI13: =+AVERAGE(BC13:BH13) -> 0.024324621 | BJ13: =MEDIAN(BC13:BH13) -> -0.025575448 | BK13: =+Q13-P13 -> 14 | BL13: =+R13-Q13 -> -1 | BM13: =+S13-R13 -> -8 | BN13: =+T13-S13 -> 4 | BO13: =+U13-T13 -> -7 | BP13: =+V13-U13 -> -1 | BQ13: =+AVERAGE(BK13:BP13) -> 0.16666667 | BR13: =MEDIAN(BK13:BP13) -> -1
... A109: 107 | B109: 15 | C109: 18 | D109: 19 | E109: 15 | F109: 18 | G109: 13 | H109: 10 | I109: 6 | J109: 8 | K109: 7 | L109: 4 | M109: 3 | N109: 4 | O109: 2 | P109: 9 | Q109: 10 | R109: 12 | S109: 11 | T109: 15 | U109: 9 | V109: 8 | W109: =+(C109-B109)/B109 -> 0.2 | X109: =+(D109-C109)/C109 -> 0.055555556 | Y109: =+(E109-D109)/D109 -> -0.21052632 | Z109: =+(F109-E109)/E109 -> 0.2 | AA109: =+(G109-F109)/F109 -> -0.27777778 | AB109: =+(H109-G109)/G109 -> -0.23076923 | AC109: =+AVERAGE(W109:AB109) -> -0.043919628 | AD109: =MEDIAN(W109:AB109) -> -0.07748538 | AE109: =C109-B109 -> 3 | AF109: =D109-C109 -> 1 | AG109: =E109-D109 -> -4 | AH109: =F109-E109 -> 3 | AI109: =G109-F109 -> -5 | AJ109: =H109-G109 -> -3 | AK109: =+AVERAGE(AE109:AJ109) -> -0.83333333 | AL109: =+MEDIAN(AE109:AJ109) -> -1 | AM109: =+(J109-I109)/I109 -> 0.33333333 | AN109: =+(K109-J109)/J109 -> -0.125 | AO109: =+(L109-K109)/K109 -> -0.42857143 | AP109: =+(M109-L109)/L109 -> -0.25 | AQ109: =+(N109-M109)/M109 -> 0.33333333 | AR109: =+(O109-N109)/N109 -> -0.5 | AS109: =+AVERAGE(AM109:AR109) -> -0.10615079 | AT109: =+MEDIAN(AM109:AR109) -> -0.1875 | AU109: =J109-I109 -> 2 | AV109: =K109-J109 -> -1 | AW109: =L109-K109 -> -3 | AX109: =M109-L109 -> -1 | AY109: =N109-M109 -> 1 | AZ109: =O109-N109 -> -2 | BA109: =+AVERAGE(AU109:AZ109) -> -0.66666667 | BB109: =MEDIAN(AU109:AZ109) -> -1 | BC109: =+(Q109-P109)/P109 -> 0.11111111 | BD109: =+(R109-Q109)/Q109 -> 0.2 | BE109: =+(S109-R109)/R109 -> -0.083333333 | BF109: =+(T109-S109)/S109 -> 0.36363636 | BG109: =+(U109-T109)/T109 -> -0.4 | BH109: =+(V109-U109)/U109 -> -0.11111111 | BI109: =+AVERAGE(BC109:BH109) -> 0.013383838 | BJ109: =MEDIAN(BC109:BH109) -> 0.013888889 | BK109: =+Q109-P109 -> 1 | BL109: =+R109-Q109 -> 2 | BM109: =+S109-R109 -> -1 | BN109: =+T109-S109 -> 4 | BO109: =+U109-T109 -> -6 | BP109: =+V109-U109 -> -1 | BQ109: =+AVERAGE(BK109:BP109) -> -0.16666667 | BR109: =MEDIAN(BK109:BP109) -> 0
A110: 108 | B110: 4 | C110: 7 | D110: 12 | E110: 5 | F110: 6 | G110: 7 | H110: 8 | I110: 3 | J110: 5 | K110: 3 | L110: 2 | N110: 3 | O110: 2 | P110: 1 | Q110: 2 | R110: 9 | S110: 3 | T110: 6 | U110: 4 | V110: 6 | W110: =+(C110-B110)/B110 -> 0.75 | X110: =+(D110-C110)/C110 -> 0.71428571 | Y110: =+(E110-D110)/D110 -> -0.58333333 | Z110: =+(F110-E110)/E110 -> 0.2 | AA110: =+(G110-F110)/F110 -> 0.16666667 | AB110: =+(H110-G110)/G110 -> 0.14285714 | AC110: =+AVERAGE(W110:AB110) -> 0.23174603 | AD110: =MEDIAN(W110:AB110) -> 0.18333333 | AE110: =C110-B110 -> 3 | AF110: =D110-C110 -> 5 | AG110: =E110-D110 -> -7 | AH110: =F110-E110 -> 1 | AI110: =G110-F110 -> 1 | AJ110: =H110-G110 -> 1 | AK110: =+AVERAGE(AE110:AJ110) -> 0.66666667 | AL110: =+MEDIAN(AE110:AJ110) -> 1 | AM110: =+(J110-I110)/I110 -> 0.66666667 | AN110: =+(K110-J110)/J110 -> -0.4 | AO110: =+(L110-K110)/K110 -> -0.33333333 | AP110: =+(M110-L110)/L110 -> -1 | AQ110: =+(N110-M110)/M110 -> #DIV/0! | AR110: =+(O110-N110)/N110 -> -0.33333333 | AS110: =+AVERAGE(AM110:AR110) -> #DIV/0! | AT110: =+MEDIAN(AM110:AR110) -> #DIV/0! | AU110: =J110-I110 -> 2 | AV110: =K110-J110 -> -2 | AW110: =L110-K110 -> -1 | AX110: =M110-L110 -> -2 | AY110: =N110-M110 -> 3 | AZ110: =O110-N110 -> -1 | BA110: =+AVERAGE(AU110:AZ110) -> -0.16666667 | BB110: =MEDIAN(AU110:AZ110) -> -1 | BC110: =+(Q110-P110)/P110 -> 1 | BD110: =+(R110-Q110)/Q110 -> 3.5 | BE110: =+(S110-R110)/R110 -> -0.66666667 | BF110: =+(T110-S110)/S110 -> 1 | BG110: =+(U110-T110)/T110 -> -0.33333333 | BH110: =+(V110-U110)/U110 -> 0.5 | BI110: =+AVERAGE(BC110:BH110) -> 0.83333333 | BJ110: =MEDIAN(BC110:BH110) -> 0.75 | BK110: =+Q110-P110 -> 1 | BL110: =+R110-Q110 -> 7 | BM110: =+S110-R110 -> -6 | BN110: =+T110-S110 -> 3 | BO110: =+U110-T110 -> -2 | BP110: =+V110-U110 -> 2 | BQ110: =+AVERAGE(BK110:BP110) -> 0.83333333 | BR110: =MEDIAN(BK110:BP110) -> 1.5
A111: 109 | C111: 7 | D111: 2 | E111: 6 | F111: 4 | G111: 7 | H111: 7 | J111: 2 | K111: 2 | L111: 3 | M111: 1 | N111: 2 | O111: 1 | Q111: 5 | S111: 3 | T111: 3 | U111: 5 | V111: 6 | W111: =+(C111-B111)/B111 -> #DIV/0! | X111: =+(D111-C111)/C111 -> -0.71428571 | Y111: =+(E111-D111)/D111 -> 2 | Z111: =+(F111-E111)/E111 -> -0.33333333 | AA111: =+(G111-F111)/F111 -> 0.75 | AB111: =+(H111-G111)/G111 -> 0 | AC111: =+AVERAGE(W111:AB111) -> #DIV/0! | AD111: =MEDIAN(W111:AB111) -> #DIV/0! | AE111: =C111-B111 -> 7 | AF111: =D111-C111 -> -5 | AG111: =E111-D111 -> 4 | AH111: =F111-E111 -> -2 | AI111: =G111-F111 -> 3 | AJ111: =H111-G111 -> 0 | AK111: =+AVERAGE(AE111:AJ111) -> 1.1666667 | AL111: =+MEDIAN(AE111:AJ111) -> 1.5 | AM111: =+(J111-I111)/I111 -> #DIV/0! | AN111: =+(K111-J111)/J111 -> 0 | AO111: =+(L111-K111)/K111 -> 0.5 | AP111: =+(M111-L111)/L111 -> -0.66666667 | AQ111: =+(N111-M111)/M111 -> 1 | AR111: =+(O111-N111)/N111 -> -0.5 | AS111: =+AVERAGE(AM111:AR111) -> #DIV/0! | AT111: =+MEDIAN(AM111:AR111) -> #DIV/0! | AU111: =J111-I111 -> 2 | AV111: =K111-J111 -> 0 | AW111: =L111-K111 -> 1 | AX111: =M111-L111 -> -2 | AY111: =N111-M111 -> 1 | AZ111: =O111-N111 -> -1 | BA111: =+AVERAGE(AU111:AZ111) -> 0.16666667 | BB111: =MEDIAN(AU111:AZ111) -> 0.5 | BC111: =+(Q111-P111)/P111 -> #DIV/0! | BD111: =+(R111-Q111)/Q111 -> -1 | BE111: =+(S111-R111)/R111 -> #DIV/0! | BF111: =+(T111-S111)/S111 -> 0 | BG111: =+(U111-T111)/T111 -> 0.66666667 | BH111: =+(V111-U111)/U111 -> 0.2 | BI111: =+AVERAGE(BC111:BH111) -> #DIV/0! | BJ111: =MEDIAN(BC111:BH111) -> #DIV/0! | BK111: =+Q111-P111 -> 5 | BL111: =+R111-Q111 -> -5 | BM111: =+S111-R111 -> 3 | BN111: =+T111-S111 -> 0 | BO111: =+U111-T111 -> 2 | BP111: =+V111-U111 -> 1 | BQ111: =+AVERAGE(BK111:BP111) -> 1 | BR111: =MEDIAN(BK111:BP111) -> 1.5
A112: 110 | B112: 5 | C112: 1 | D112: 1 | E112: 7 | F112: 5 | G112: 4 | H112: 4 | I112: 1 | K112: 1 | L112: 3 | M112: 2 | N112: 1 | P112: 4 | Q112: 1 | S112: 4 | T112: 3 | U112: 3 | V112: 4 | W112: =+(C112-B112)/B112 -> -0.8 | X112: =+(D112-C112)/C112 -> 0 | Y112: =+(E112-D112)/D112 -> 6 | Z112: =+(F112-E112)/E112 -> -0.28571429 | AA112: =+(G112-F112)/F112 -> -0.2 | AB112: =+(H112-G112)/G112 -> 0 | AC112: =+AVERAGE(W112:AB112) -> 0.78571429 | AD112: =MEDIAN(W112:AB112) -> -0.1 | AE112: =C112-B112 -> -4 | AF112: =D112-C112 -> 0 | AG112: =E112-D112 -> 6 | AH112: =F112-E112 -> -2 | AI112: =G112-F112 -> -1 | AJ112: =H112-G112 -> 0 | AK112: =+AVERAGE(AE112:AJ112) -> -0.16666667 | AL112: =+MEDIAN(AE112:AJ112) -> -0.5 | AM112: =+(J112-I112)/I112 -> -1 | AN112: =+(K112-J112)/J112 -> #DIV/0! | AO112: =+(L112-K112)/K112 -> 2 | AP112: =+(M112-L112)/L112 -> -0.33333333 | AQ112: =+(N112-M112)/M112 -> -0.5 | AR112: =+(O112-N112)/N112 -> -1 | AS112: =+AVERAGE(AM112:AR112) -> #DIV/0! | AT112: =+MEDIAN(AM112:AR112) -> #DIV/0! | AU112: =J112-I112 -> -1 | AV112: =K112-J112 -> 1 | AW112: =L112-K112 -> 2 | AX112: =M112-L112 -> -1 | AY112: =N112-M112 -> -1 | AZ112: =O112-N112 -> -1 | BA112: =+AVERAGE(AU112:AZ112) -> -0.16666667 | BB112: =MEDIAN(AU112:AZ112) -> -1 | BC112: =+(Q112-P112)/P112 -> -0.75 | BD112: =+(R112-Q112)/Q112 -> -1 | BE112: =+(S112-R112)/R112 -> #DIV/0! | BF112: =+(T112-S112)/S112 -> -0.25 | BG112: =+(U112-T112)/T112 -> 0 | BH112: =+(V112-U112)/U112 -> 0.33333333 | BI112: =+AVERAGE(BC112:BH112) -> #DIV/0! | BJ112: =MEDIAN(BC112:BH112) -> #DIV/0! | BK112: =+Q112-P112 -> -3 | BL112: =+R112-Q112 -> -1 | BM112: =+S112-R112 -> 4 | BN112: =+T112-S112 -> -1 | BO112: =+U112-T112 -> 0 | BP112: =+V112-U112 -> 1 | BQ112: =+AVERAGE(BK112:BP112) -> 0 | BR112: =MEDIAN(BK112:BP112) -> -0.5
A113: 111 | B113: 2 | C113: 3 | D113: 2 | E113: 3 | G113: 1 | H113: 2 | I113: 1 | J113: 2 | P113: 1 | Q113: 1 | R113: 2 | S113: 3 | U113: 1 | V113: 2 | W113: =+(C113-B113)/B113 -> 0.5 | X113: =+(D113-C113)/C113 -> -0.33333333 | Y113: =+(E113-D113)/D113 -> 0.5 | Z113: =+(F113-E113)/E113 -> -1 | AA113: =+(G113-F113)/F113 -> #DIV/0! | AB113: =+(H113-G113)/G113 -> 1 | AC113: =+AVERAGE(W113:AB113) -> #DIV/0! | AD113: =MEDIAN(W113:AB113) -> #DIV/0! | AE113: =C113-B113 -> 1 | AF113: =D113-C113 -> -1 | AG113: =E113-D113 -> 1 | AH113: =F113-E113 -> -3 | AI113: =G113-F113 -> 1 | AJ113: =H113-G113 -> 1 | AK113: =+AVERAGE(AE113:AJ113) -> 0 | AL113: =+MEDIAN(AE113:AJ113) -> 1 | AM113: =+(J113-I113)/I113 -> 1 | AN113: =+(K113-J113)/J113 -> -1 | AO113: =+(L113-K113)/K113 -> #DIV/0! | AP113: =+(M113-L113)/L113 -> #DIV/0! | AQ113: =+(N113-M113)/M113 -> #DIV/0! | AR113: =+(O113-N113)/N113 -> #DIV/0! | AS113: =+AVERAGE(AM113:AR113) -> #DIV/0! | AT113: =+MEDIAN(AM113:AR113) -> #DIV/0! | AU113: =J113-I113 -> 1 | AV113: =K113-J113 -> -2 | AW113: =L113-K113 -> 0 | AX113: =M113-L113 -> 0 | AY113: =N113-M113 -> 0 | AZ113: =O113-N113 -> 0 | BA113: =+AVERAGE(AU113:AZ113) -> -0.16666667 | BB113: =MEDIAN(AU113:AZ113) -> 0 | BC113: =+(Q113-P113)/P113 -> 0 | BD113: =+(R113-Q113)/Q113 -> 1 | BE113: =+(S113-R113)/R113 -> 0.5 | BF113: =+(T113-S113)/S113 -> -1 | BG113: =+(U113-T113)/T113 -> #DIV/0! | BH113: =+(V113-U113)/U113 -> 1 | BI113: =+AVERAGE(BC113:BH113) -> #DIV/0! | BJ113: =MEDIAN(BC113:BH113) -> #DIV/0! | BK113: =+Q113-P113 -> 0 | BL113: =+R113-Q113 -> 1 | BM113: =+S113-R113 -> 1 | BN113: =+T113-S113 -> -3 | BO113: =+U113-T113 -> 1 | BP113: =+V113-U113 -> 1 | BQ113: =+AVERAGE(BK113:BP113) -> 0.16666667 | BR113: =MEDIAN(BK113:BP113) -> 1
A114: 112 | D114: 1 | E114: 1 | F114: 1 | G114: 1 | H114: 2 | N114: 1 | R114: 1 | S114: 1 | T114: 1 | V114: 2 | W114: =+(C114-B114)/B114 -> #DIV/0! | X114: =+(D114-C114)/C114 -> #DIV/0! | Y114: =+(E114-D114)/D114 -> 0 | Z114: =+(F114-E114)/E114 -> 0 | AA114: =+(G114-F114)/F114 -> 0 | AB114: =+(H114-G114)/G114 -> 1 | AC114: =+AVERAGE(W114:AB114) -> #DIV/0! | AD114: =MEDIAN(W114:AB114) -> #DIV/0! | AE114: =C114-B114 -> 0 | AF114: =D114-C114 -> 1 | AG114: =E114-D114 -> 0 | AH114: =F114-E114 -> 0 | AI114: =G114-F114 -> 0 | AJ114: =H114-G114 -> 1 | AK114: =+AVERAGE(AE114:AJ114) -> 0.33333333 | AL114: =+MEDIAN(AE114:AJ114) -> 0 | AM114: =+(J114-I114)/I114 -> #DIV/0! | AN114: =+(K114-J114)/J114 -> #DIV/0! | AO114: =+(L114-K114)/K114 -> #DIV/0! | AP114: =+(M114-L114)/L114 -> #DIV/0! | AQ114: =+(N114-M114)/M114 -> #DIV/0! | AR114: =+(O114-N114)/N114 -> -1 | AS114: =+AVERAGE(AM114:AR114) -> #DIV/0! | AT114: =+MEDIAN(AM114:AR114) -> #DIV/0! | AU114: =J114-I114 -> 0 | AV114: =K114-J114 -> 0 | AW114: =L114-K114 -> 0 | AX114: =M114-L114 -> 0 | AY114: =N114-M114 -> 1 | AZ114: =O114-N114 -> -1 | BA114: =+AVERAGE(AU114:AZ114) -> 0 | BB114: =MEDIAN(AU114:AZ114) -> 0 | BC114: =+(Q114-P114)/P114 -> #DIV/0! | BD114: =+(R114-Q114)/Q114 -> #DIV/0! | BE114: =+(S114-R114)/R114 -> 0 | BF114: =+(T114-S114)/S114 -> 0 | BG114: =+(U114-T114)/T114 -> -1 | BH114: =+(V114-U114)/U114 -> #DIV/0! | BI114: =+AVERAGE(BC114:BH114) -> #DIV/0! | BJ114: =MEDIAN(BC114:BH114) -> #DIV/0! | BK114: =+Q114-P114 -> 0 | BL114: =+R114-Q114 -> 1 | BM114: =+S114-R114 -> 0 | BN114: =+T114-S114 -> 0 | BO114: =+U114-T114 -> -1 | BP114: =+V114-U114 -> 2 | BQ114: =+AVERAGE(BK114:BP114) -> 0.33333333 | BR114: =MEDIAN(BK114:BP114) -> 0
A115: 113 | B115: 1 | C115: 1 | D115: 3 | E115: 2 | G115: 2 | H115: 1 | I115: 1 | K115: 1 | L115: 1 | N115: 1 | Q115: 1 | R115: 2 | S115: 1 | U115: 1 | V115: 1 | W115: =+(C115-B115)/B115 -> 0 | X115: =+(D115-C115)/C115 -> 2 | Y115: =+(E115-D115)/D115 -> -0.33333333 | Z115: =+(F115-E115)/E115 -> -1 | AA115: =+(G115-F115)/F115 -> #DIV/0! | AB115: =+(H115-G115)/G115 -> -0.5 | AC115: =+AVERAGE(W115:AB115) -> #DIV/0! | AD115: =MEDIAN(W115:AB115) -> #DIV/0! | AE115: =C115-B115 -> 0 | AF115: =D115-C115 -> 2 | AG115: =E115-D115 -> -1 | AH115: =F115-E115 -> -2 | AI115: =G115-F115 -> 2 | AJ115: =H115-G115 -> -1 | AK115: =+AVERAGE(AE115:AJ115) -> 0 | AL115: =+MEDIAN(AE115:AJ115) -> -0.5 | AM115: =+(J115-I115)/I115 -> -1 | AN115: =+(K115-J115)/J115 -> #DIV/0! | AO115: =+(L115-K115)/K115 -> 0 | AP115: =+(M115-L115)/L115 -> -1 | AQ115: =+(N115-M115)/M115 -> #DIV/0! | AR115: =+(O115-N115)/N115 -> -1 | AS115: =+AVERAGE(AM115:AR115) -> #DIV/0! | AT115: =+MEDIAN(AM115:AR115) -> #DIV/0! | AU115: =J115-I115 -> -1 | AV115: =K115-J115 -> 1 | AW115: =L115-K115 -> 0 | AX115: =M115-L115 -> -1 | AY115: =N115-M115 -> 1 | AZ115: =O115-N115 -> -1 | BA115: =+AVERAGE(AU115:AZ115) -> -0.16666667 | BB115: =MEDIAN(AU115:AZ115) -> -0.5 | BC115: =+(Q115-P115)/P115 -> #DIV/0! | BD115: =+(R115-Q115)/Q115 -> 1 | BE115: =+(S115-R115)/R115 -> -0.5 | BF115: =+(T115-S115)/S115 -> -1 | BG115: =+(U115-T115)/T115 -> #DIV/0! | BH115: =+(V115-U115)/U115 -> 0 | BI115: =+AVERAGE(BC115:BH115) -> #DIV/0! | BJ115: =MEDIAN(BC115:BH115) -> #DIV/0! | BK115: =+Q115-P115 -> 1 | BL115: =+R115-Q115 -> 1 | BM115: =+S115-R115 -> -1 | BN115: =+T115-S115 -> -1 | BO115: =+U115-T115 -> 1 | BP115: =+V115-U115 -> 0 | BQ115: =+AVERAGE(BK115:BP115) -> 0.16666667 | BR115: =MEDIAN(BK115:BP115) -> 0.5
A116: 114 | B116: 1 | E116: 3 | L116: 3 | P116: 1 | W116: =+(C116-B116)/B116 -> -1 | X116: =+(D116-C116)/C116 -> #DIV/0! | Y116: =+(E116-D116)/D116 -> #DIV/0! | Z116: =+(F116-E116)/E116 -> -1 | AA116: =+(G116-F116)/F116 -> #DIV/0! | AB116: =+(H116-G116)/G116 -> #DIV/0! | AC116: =+AVERAGE(W116:AB116) -> #DIV/0! | AD116: =MEDIAN(W116:AB116) -> #DIV/0! | AE116: =C116-B116 -> -1 | AF116: =D116-C116 -> 0 | AG116: =E116-D116 -> 3 | AH116: =F116-E116 -> -3 | AI116: =G116-F116 -> 0 | AJ116: =H116-G116 -> 0 | AK116: =+AVERAGE(AE116:AJ116) -> -0.16666667 | AL116: =+MEDIAN(AE116:AJ116) -> 0 | AM116: =+(J116-I116)/I116 -> #DIV/0! | AN116: =+(K116-J116)/J116 -> #DIV/0! | AO116: =+(L116-K116)/K116 -> #DIV/0! | AP116: =+(M116-L116)/L116 -> -1 | AQ116: =+(N116-M116)/M116 -> #DIV/0! | AR116: =+(O116-N116)/N116 -> #DIV/0! | AS116: =+AVERAGE(AM116:AR116) -> #DIV/0! | AT116: =+MEDIAN(AM116:AR116) -> #DIV/0! | AU116: =J116-I116 -> 0 | AV116: =K116-J116 -> 0 | AW116: =L116-K116 -> 3 | AX116: =M116-L116 -> -3 | AY116: =N116-M116 -> 0 | AZ116: =O116-N116 -> 0 | BA116: =+AVERAGE(AU116:AZ116) -> 0 | BB116: =MEDIAN(AU116:AZ116) -> 0 | BC116: =+(Q116-P116)/P116 -> -1 | BD116: =+(R116-Q116)/Q116 -> #DIV/0! | BE116: =+(S116-R116)/R116 -> #DIV/0! | BF116: =+(T116-S116)/S116 -> #DIV/0! | BG116: =+(U116-T116)/T116 -> #DIV/0! | BH116: =+(V116-U116)/U116 -> #DIV/0! | BI116: =+AVERAGE(BC116:BH116) -> #DIV/0! | BJ116: =MEDIAN(BC116:BH116) -> #DIV/0! | BK116: =+Q116-P116 -> -1 | BL116: =+R116-Q116 -> 0 | BM116: =+S116-R116 -> 0 | BN116: =+T116-S116 -> 0 | BO116: =+U116-T116 -> 0 | BP116: =+V116-U116 -> 0 | BQ116: =+AVERAGE(BK116:BP116) -> -0.16666667 | BR116: =MEDIAN(BK116:BP116) -> 0
A117: 115 | D117: 1 | G117: 1 | N117: 1 | R117: 1 | W117: =+(C117-B117)/B117 -> #DIV/0! | X117: =+(D117-C117)/C117 -> #DIV/0! | Y117: =+(E117-D117)/D117 -> -1 | Z117: =+(F117-E117)/E117 -> #DIV/0! | AA117: =+(G117-F117)/F117 -> #DIV/0! | AB117: =+(H117-G117)/G117 -> -1 | AC117: =+AVERAGE(W117:AB117) -> #DIV/0! | AD117: =MEDIAN(W117:AB117) -> #DIV/0! | AE117: =C117-B117 -> 0 | AF117: =D117-C117 -> 1 | AG117: =E117-D117 -> -1 | AH117: =F117-E117 -> 0 | AI117: =G117-F117 -> 1 | AJ117: =H117-G117 -> -1 | AK117: =+AVERAGE(AE117:AJ117) -> 0 | AL117: =+MEDIAN(AE117:AJ117) -> 0 | AM117: =+(J117-I117)/I117 -> #DIV/0! | AN117: =+(K117-J117)/J117 -> #DIV/0! | AO117: =+(L117-K117)/K117 -> #DIV/0! | AP117: =+(M117-L117)/L117 -> #DIV/0! | AQ117: =+(N117-M117)/M117 -> #DIV/0! | AR117: =+(O117-N117)/N117 -> -1 | AS117: =+AVERAGE(AM117:AR117) -> #DIV/0! | AT117: =+MEDIAN(AM117:AR117) -> #DIV/0! | AU117: =J117-I117 -> 0 | AV117: =K117-J117 -> 0 | AW117: =L117-K117 -> 0 | AX117: =M117-L117 -> 0 | AY117: =N117-M117 -> 1 | AZ117: =O117-N117 -> -1 | BA117: =+AVERAGE(AU117:AZ117) -> 0 | BB117: =MEDIAN(AU117:AZ117) -> 0 | BC117: =+(Q117-P117)/P117 -> #DIV/0! | BD117: =+(R117-Q117)/Q117 -> #DIV/0! | BE117: =+(S117-R117)/R117 -> -1 | BF117: =+(T117-S117)/S117 -> #DIV/0! | BG117: =+(U117-T117)/T117 -> #DIV/0! | BH117: =+(V117-U117)/U117 -> #DIV/0! | BI117: =+AVERAGE(BC117:BH117) -> #DIV/0! | BJ117: =MEDIAN(BC117:BH117) -> #DIV/0! | BK117: =+Q117-P117 -> 0 | BL117: =+R117-Q117 -> 1 | BM117: =+S117-R117 -> -1 | BN117: =+T117-S117 -> 0 | BO117: =+U117-T117 -> 0 | BP117: =+V117-U117 -> 0 | BQ117: =+AVERAGE(BK117:BP117) -> 0 | BR117: =MEDIAN(BK117:BP117) -> 0
A118: 116 | B118: 2 | E118: 1 | I118: 1 | L118: 1 | P118: 1 | W118: =+(C118-B118)/B118 -> -1 | X118: =+(D118-C118)/C118 -> #DIV/0! | Y118: =+(E118-D118)/D118 -> #DIV/0! | Z118: =+(F118-E118)/E118 -> -1 | AA118: =+(G118-F118)/F118 -> #DIV/0! | AB118: =+(H118-G118)/G118 -> #DIV/0! | AC118: =+AVERAGE(W118:AB118) -> #DIV/0! | AD118: =MEDIAN(W118:AB118) -> #DIV/0! | AE118: =C118-B118 -> -2 | AF118: =D118-C118 -> 0 | AG118: =E118-D118 -> 1 | AH118: =F118-E118 -> -1 | AI118: =G118-F118 -> 0 | AJ118: =H118-G118 -> 0 | AK118: =+AVERAGE(AE118:AJ118) -> -0.33333333 | AL118: =+MEDIAN(AE118:AJ118) -> 0 | AM118: =+(J118-I118)/I118 -> -1 | AN118: =+(K118-J118)/J118 -> #DIV/0! | AO118: =+(L118-K118)/K118 -> #DIV/0! | AP118: =+(M118-L118)/L118 -> -1 | AQ118: =+(N118-M118)/M118 -> #DIV/0! | AR118: =+(O118-N118)/N118 -> #DIV/0! | AS118: =+AVERAGE(AM118:AR118) -> #DIV/0! | AT118: =+MEDIAN(AM118:AR118) -> #DIV/0! | AU118: =J118-I118 -> -1 | AV118: =K118-J118 -> 0 | AW118: =L118-K118 -> 1 | AX118: =M118-L118 -> -1 | AY118: =N118-M118 -> 0 | AZ118: =O118-N118 -> 0 | BA118: =+AVERAGE(AU118:AZ118) -> -0.16666667 | BB118: =MEDIAN(AU118:AZ118) -> 0 | BC118: =+(Q118-P118)/P118 -> -1 | BD118: =+(R118-Q118)/Q118 -> #DIV/0! | BE118: =+(S118-R118)/R118 -> #DIV/0! | BF118: =+(T118-S118)/S118 -> #DIV/0! | BG118: =+(U118-T118)/T118 -> #DIV/0! | BH118: =+(V118-U118)/U118 -> #DIV/0! | BI118: =+AVERAGE(BC118:BH118) -> #DIV/0! | BJ118: =MEDIAN(BC118:BH118) -> #DIV/0! | BK118: =+Q118-P118 -> -1 | BL118: =+R118-Q118 -> 0 | BM118: =+S118-R118 -> 0 | BN118: =+T118-S118 -> 0 | BO118: =+U118-T118 -> 0 | BP118: =+V118-U118 -> 0 | BQ118: =+AVERAGE(BK118:BP118) -> -0.16666667 | BR118: =MEDIAN(BK118:BP118) -> 0
A119: 117 | B119: 2 | E119: 1 | I119: 1 | L119: 1 | P119: 1 | W119: =+(C119-B119)/B119 -> -1 | X119: =+(D119-C119)/C119 -> #DIV/0! | Y119: =+(E119-D119)/D119 -> #DIV/0! | Z119: =+(F119-E119)/E119 -> -1 | AA119: =+(G119-F119)/F119 -> #DIV/0! | AB119: =+(H119-G119)/G119 -> #DIV/0! | AC119: =+AVERAGE(W119:AB119) -> #DIV/0! | AD119: =MEDIAN(W119:AB119) -> #DIV/0! | AE119: =C119-B119 -> -2 | AF119: =D119-C119 -> 0 | AG119: =E119-D119 -> 1 | AH119: =F119-E119 -> -1 | AI119: =G119-F119 -> 0 | AJ119: =H119-G119 -> 0 | AK119: =+AVERAGE(AE119:AJ119) -> -0.33333333 | AL119: =+MEDIAN(AE119:AJ119) -> 0 | AM119: =+(J119-I119)/I119 -> -1 | AN119: =+(K119-J119)/J119 -> #DIV/0! | AO119: =+(L119-K119)/K119 -> #DIV/0! | AP119: =+(M119-L119)/L119 -> -1 | AQ119: =+(N119-M119)/M119 -> #DIV/0! | AR119: =+(O119-N119)/N119 -> #DIV/0! | AS119: =+AVERAGE(AM119:AR119) -> #DIV/0! | AT119: =+MEDIAN(AM119:AR119) -> #DIV/0! | AU119: =J119-I119 -> -1 | AV119: =K119-J119 -> 0 | AW119: =L119-K119 -> 1 | AX119: =M119-L119 -> -1 | AY119: =N119-M119 -> 0 | AZ119: =O119-N119 -> 0 | BA119: =+AVERAGE(AU119:AZ119) -> -0.16666667 | BB119: =MEDIAN(AU119:AZ119) -> 0 | BC119: =+(Q119-P119)/P119 -> -1 | BD119: =+(R119-Q119)/Q119 -> #DIV/0! | BE119: =+(S119-R119)/R119 -> #DIV/0! | BF119: =+(T119-S119)/S119 -> #DIV/0! | BG119: =+(U119-T119)/T119 -> #DIV/0! | BH119: =+(V119-U119)/U119 -> #DIV/0! | BI119: =+AVERAGE(BC119:BH119) -> #DIV/0! | BJ119: =MEDIAN(BC119:BH119) -> #DIV/0! | BK119: =+Q119-P119 -> -1 | BL119: =+R119-Q119 -> 0 | BM119: =+S119-R119 -> 0 | BN119: =+T119-S119 -> 0 | BO119: =+U119-T119 -> 0 | BP119: =+V119-U119 -> 0 | BQ119: =+AVERAGE(BK119:BP119) -> -0.16666667 | BR119: =MEDIAN(BK119:BP119) -> 0
A120: 118 | C120: 2 | D120: 1 | K120: 1 | Q120: 2 | W120: =+(C120-B120)/B120 -> #DIV/0! | X120: =+(D120-C120)/C120 -> -0.5 | Y120: =+(E120-D120)/D120 -> -1 | Z120: =+(F120-E120)/E120 -> #DIV/0! | AA120: =+(G120-F120)/F120 -> #DIV/0! | AB120: =+(H120-G120)/G120 -> #DIV/0! | AC120: =+AVERAGE(W120:AB120) -> #DIV/0! | AD120: =MEDIAN(W120:AB120) -> #DIV/0! | AE120: =C120-B120 -> 2 | AF120: =D120-C120 -> -1 | AG120: =E120-D120 -> -1 | AH120: =F120-E120 -> 0 | AI120: =G120-F120 -> 0 | AJ120: =H120-G120 -> 0 | AK120: =+AVERAGE(AE120:AJ120) -> 0 | AL120: =+MEDIAN(AE120:AJ120) -> 0 | AM120: =+(J120-I120)/I120 -> #DIV/0! | AN120: =+(K120-J120)/J120 -> #DIV/0! | AO120: =+(L120-K120)/K120 -> -1 | AP120: =+(M120-L120)/L120 -> #DIV/0! | AQ120: =+(N120-M120)/M120 -> #DIV/0! | AR120: =+(O120-N120)/N120 -> #DIV/0! | AS120: =+AVERAGE(AM120:AR120) -> #DIV/0! | AT120: =+MEDIAN(AM120:AR120) -> #DIV/0! | AU120: =J120-I120 -> 0 | AV120: =K120-J120 -> 1 | AW120: =L120-K120 -> -1 | AX120: =M120-L120 -> 0 | AY120: =N120-M120 -> 0 | AZ120: =O120-N120 -> 0 | BA120: =+AVERAGE(AU120:AZ120) -> 0 | BB120: =MEDIAN(AU120:AZ120) -> 0 | BC120: =+(Q120-P120)/P120 -> #DIV/0! | BD120: =+(R120-Q120)/Q120 -> -1 | BE120: =+(S120-R120)/R120 -> #DIV/0! | BF120: =+(T120-S120)/S120 -> #DIV/0! | BG120: =+(U120-T120)/T120 -> #DIV/0! | BH120: =+(V120-U120)/U120 -> #DIV/0! | BI120: =+AVERAGE(BC120:BH120) -> #DIV/0! | BJ120: =MEDIAN(BC120:BH120) -> #DIV/0! | BK120: =+Q120-P120 -> 2 | BL120: =+R120-Q120 -> -2 | BM120: =+S120-R120 -> 0 | BN120: =+T120-S120 -> 0 | BO120: =+U120-T120 -> 0 | BP120: =+V120-U120 -> 0 | BQ120: =+AVERAGE(BK120:BP120) -> 0 | BR120: =MEDIAN(BK120:BP120) -> 0
A121: 119 | D121: 1 | E121: 2 | K121: 1 | L121: 2 | W121: =+(C121-B121)/B121 -> #DIV/0! | X121: =+(D121-C121)/C121 -> #DIV/0! | Y121: =+(E121-D121)/D121 -> 1 | Z121: =+(F121-E121)/E121 -> -1 | AA121: =+(G121-F121)/F121 -> #DIV/0! | AB121: =+(H121-G121)/G121 -> #DIV/0! | AC121: =+AVERAGE(W121:AB121) -> #DIV/0! | AD121: =MEDIAN(W121:AB121) -> #DIV/0! | AE121: =C121-B121 -> 0 | AF121: =D121-C121 -> 1 | AG121: =E121-D121 -> 1 | AH121: =F121-E121 -> -2 | AI121: =G121-F121 -> 0 | AJ121: =H121-G121 -> 0 | AK121: =+AVERAGE(AE121:AJ121) -> 0 | AL121: =+MEDIAN(AE121:AJ121) -> 0 | AM121: =+(J121-I121)/I121 -> #DIV/0! | AN121: =+(K121-J121)/J121 -> #DIV/0! | AO121: =+(L121-K121)/K121 -> 1 | AP121: =+(M121-L121)/L121 -> -1 | AQ121: =+(N121-M121)/M121 -> #DIV/0! | AR121: =+(O121-N121)/N121 -> #DIV/0! | AS121: =+AVERAGE(AM121:AR121) -> #DIV/0! | AT121: =+MEDIAN(AM121:AR121) -> #DIV/0! | AU121: =J121-I121 -> 0 | AV121: =K121-J121 -> 1 | AW121: =L121-K121 -> 1 | AX121: =M121-L121 -> -2 | AY121: =N121-M121 -> 0 | AZ121: =O121-N121 -> 0 | BA121: =+AVERAGE(AU121:AZ121) -> 0 | BB121: =MEDIAN(AU121:AZ121) -> 0 | BC121: =+(Q121-P121)/P121 -> #DIV/0! | BD121: =+(R121-Q121)/Q121 -> #DIV/0! | BE121: =+(S121-R121)/R121 -> #DIV/0! | BF121: =+(T121-S121)/S121 -> #DIV/0! | BG121: =+(U121-T121)/T121 -> #DIV/0! | BH121: =+(V121-U121)/U121 -> #DIV/0! | BI121: =+AVERAGE(BC121:BH121) -> #DIV/0! | BJ121: =MEDIAN(BC121:BH121) -> #DIV/0! | BK121: =+Q121-P121 -> 0 | BL121: =+R121-Q121 -> 0 | BM121: =+S121-R121 -> 0 | BN121: =+T121-S121 -> 0 | BO121: =+U121-T121 -> 0 | BP121: =+V121-U121 -> 0 | BQ121: =+AVERAGE(BK121:BP121) -> 0 | BR121: =MEDIAN(BK121:BP121) -> 0
A122: 120 | F122: 2 | H122: 1 | M122: 2 | V122: 1 | W122: =+(C122-B122)/B122 -> #DIV/0! | X122: =+(D122-C122)/C122 -> #DIV/0! | Y122: =+(E122-D122)/D122 -> #DIV/0! | Z122: =+(F122-E122)/E122 -> #DIV/0! | AA122: =+(G122-F122)/F122 -> -1 | AB122: =+(H122-G122)/G122 -> #DIV/0! | AC122: =+AVERAGE(W122:AB122) -> #DIV/0! | AD122: =MEDIAN(W122:AB122) -> #DIV/0! | AE122: =C122-B122 -> 0 | AF122: =D122-C122 -> 0 | AG122: =E122-D122 -> 0 | AH122: =F122-E122 -> 2 | AI122: =G122-F122 -> -2 | AJ122: =H122-G122 -> 1 | AK122: =+AVERAGE(AE122:AJ122) -> 0.16666667 | AL122: =+MEDIAN(AE122:AJ122) -> 0 | AM122: =+(J122-I122)/I122 -> #DIV/0! | AN122: =+(K122-J122)/J122 -> #DIV/0! | AO122: =+(L122-K122)/K122 -> #DIV/0! | AP122: =+(M122-L122)/L122 -> #DIV/0! | AQ122: =+(N122-M122)/M122 -> -1 | AR122: =+(O122-N122)/N122 -> #DIV/0! | AS122: =+AVERAGE(AM122:AR122) -> #DIV/0! | AT122: =+MEDIAN(AM122:AR122) -> #DIV/0! | AU122: =J122-I122 -> 0 | AV122: =K122-J122 -> 0 | AW122: =L122-K122 -> 0 | AX122: =M122-L122 -> 2 | AY122: =N122-M122 -> -2 | AZ122: =O122-N122 -> 0 | BA122: =+AVERAGE(AU122:AZ122) -> 0 | BB122: =MEDIAN(AU122:AZ122) -> 0 | BC122: =+(Q122-P122)/P122 -> #DIV/0! | BD122: =+(R122-Q122)/Q122 -> #DIV/0! | BE122: =+(S122-R122)/R122 -> #DIV/0! | BF122: =+(T122-S122)/S122 -> #DIV/0! | BG122: =+(U122-T122)/T122 -> #DIV/0! | BH122: =+(V122-U122)/U122 -> #DIV/0! | BI122: =+AVERAGE(BC122:BH122) -> #DIV/0! | BJ122: =MEDIAN(BC122:BH122) -> #DIV/0! | BK122: =+Q122-P122 -> 0 | BL122: =+R122-Q122 -> 0 | BM122: =+S122-R122 -> 0 | BN122: =+T122-S122 -> 0 | BO122: =+U122-T122 -> 0 | BP122: =+V122-U122 -> 1 | BQ122: =+AVERAGE(BK122:BP122) -> 0.16666667 | BR122: =MEDIAN(BK122:BP122) -> 0
A123: 999 | B123: 1 | C123: 4 | D123: 28 | G123: 2 | H123: 2 | I123: 1 | J123: 4 | K123: 15 | O123: 2 | R123: 13 | U123: 2 | W123: =+(C123-B123)/B123 -> 3 | X123: =+(D123-C123)/C123 -> 6 | Y123: =+(E123-D123)/D123 -> -1 | Z123: =+(F123-E123)/E123 -> #DIV/0! | AA123: =+(G123-F123)/F123 -> #DIV/0! | AB123: =+(H123-G123)/G123 -> 0 | AC123: =+AVERAGE(W123:AB123) -> #DIV/0! | AD123: =MEDIAN(W123:AB123) -> #DIV/0! | AE123: =C123-B123 -> 3 | AF123: =D123-C123 -> 24 | AG123: =E123-D123 -> -28 | AH123: =F123-E123 -> 0 | AI123: =G123-F123 -> 2 | AJ123: =H123-G123 -> 0 | AK123: =+AVERAGE(AE123:AJ123) -> 0.16666667 | AL123: =+MEDIAN(AE123:AJ123) -> 1 | AM123: =+(J123-I123)/I123 -> 3 | AN123: =+(K123-J123)/J123 -> 2.75 | AO123: =+(L123-K123)/K123 -> -1 | AP123: =+(M123-L123)/L123 -> #DIV/0! | AQ123: =+(N123-M123)/M123 -> #DIV/0! | AR123: =+(O123-N123)/N123 -> #DIV/0! | AS123: =+AVERAGE(AM123:AR123) -> #DIV/0! | AT123: =+MEDIAN(AM123:AR123) -> #DIV/0! | AU123: =J123-I123 -> 3 | AV123: =K123-J123 -> 11 | AW123: =L123-K123 -> -15 | AX123: =M123-L123 -> 0 | AY123: =N123-M123 -> 0 | AZ123: =O123-N123 -> 2 | BA123: =+AVERAGE(AU123:AZ123) -> 0.16666667 | BB123: =MEDIAN(AU123:AZ123) -> 1 | BC123: =+(Q123-P123)/P123 -> #DIV/0! | BD123: =+(R123-Q123)/Q123 -> #DIV/0! | BE123: =+(S123-R123)/R123 -> -1 | BF123: =+(T123-S123)/S123 -> #DIV/0! | BG123: =+(U123-T123)/T123 -> #DIV/0! | BH123: =+(V123-U123)/U123 -> -1 | BI123: =+AVERAGE(BC123:BH123) -> #DIV/0! | BJ123: =MEDIAN(BC123:BH123) -> #DIV/0! | BK123: =+Q123-P123 -> 0 | BL123: =+R123-Q123 -> 13 | BM123: =+S123-R123 -> -13 | BN123: =+T123-S123 -> 0 | BO123: =+U123-T123 -> 2 | BP123: =+V123-U123 -> -2 | BQ123: =+AVERAGE(BK123:BP123) -> 0 | BR123: =MEDIAN(BK123:BP123) -> 0
B124: =SUBTOTAL(109,Tabla16[2017]) -> 51750 | C124: =SUBTOTAL(109,Tabla16[2018]) -> 53044 | D124: =SUBTOTAL(109,Tabla16[2019]) -> 55469 | E124: =SUBTOTAL(109,Tabla16[2020]) -> 73732 | F124: =SUBTOTAL(109,Tabla16[2021]) -> 64945 | G124: =SUBTOTAL(109,Tabla16[2022]) -> 65325 | H124: =SUBTOTAL(109,Tabla16[2023]) -> 63161

Sheet provincia
A1: prov_res | B1: 2017 | C1: Hombres_2017 | D1: Mujeres_2017 | E1: 2018 | F1: Hombres_2018 | G1: Mujeres_2018 | H1: 2019 | I1: Hombres_2019 | J1: Mujeres_2019 | K1: 2020 | L1: Hombres_2020 | M1: Mujeres_2020 | N1: 2021 | O1: Hombres_2021 | P1: Mujeres_2021 | Q1: 2022 | R1: Hombres_2022 | S1: Mujeres_2022 | T1: 2023 | U1: Hombres_2023 | V1: Mujeres_2023
A2: 09 | B2: 15503 | C2: 8132 | D2: 7371 | E2: 15014 | F2: 7777 | G2: 7237 | H2: 15912 | I2: 8305 | J2: 7607 | K2: 27460 | L2: 15682 | M2: 11778 | N2: 18550 | O2: 9750 | P2: 8800 | Q2: 18872 | R2: 9834 | S2: 9038 | T2: 17738 | U2: 9256 | V2: 8482
A3: 17 | B3: 8873 | C3: 4333 | D3: 4540 | E3: 9304 | F3: 4486 | G3: 4818 | H3: 9414 | I3: 4509 | J3: 4905 | K3: 10717 | L3: 5376 | M3: 5341 | N3: 10694 | O3: 5378 | P3: 5316 | Q3: 10580 | R3: 5176 | S3: 5404 | T3: 10466 | U3: 5099 | V3: 5367
A4: 13 | B4: 5279 | C4: 2843 | D4: 2436 | E4: 5462 | F4: 2955 | G4: 2507 | H4: 5721 | I4: 3127 | J4: 2594 | K4: 7220 | L4: 4051 | M4: 3169 | N4: 6431 | O4: 3475 | P4: 2956 | Q4: 6640 | R4: 3562 | S4: 3078 | T4: 6141 | U4: 3304 | V4: 2837
A5: 12 | B5: 2922 | C5: 1591 | D5: 1331 | E5: 2967 | F5: 1638 | G5: 1329 | H5: 3148 | I5: 1710 | J5: 1438 | K5: 3755 | L5: 2127 | M5: 1628 | N5: 3762 | O5: 2039 | P5: 1723 | Q5: 3673 | R5: 2017 | S5: 1656 | T5: 3554 | U5: 1930 | V5: 1624
A6: 01 | B6: 2609 | C6: 1241 | D6: 1368 | E6: 2800 | F6: 1335 | G6: 1465 | H6: 2852 | I6: 1358 | J6: 1494 | K6: 3136 | L6: 1572 | M6: 1564 | N6: 3224 | O6: 1592 | P6: 1632 | Q6: 3384 | R6: 1632 | S6: 1752 | T6: 3216 | U6: 1578 | V6: 1638
A7: 07 | B7: 2078 | C7: 1140 | D7: 938 | E7: 2006 | F7: 1073 | G7: 933 | H7: 2105 | I7: 1133 | J7: 972 | K7: 2422 | L7: 1323 | M7: 1099 | N7: 2615 | O7: 1469 | P7: 1146 | Q7: 2655 | R7: 1438 | S7: 1217 | T7: 2730 | U7: 1462 | V7: 1268
A8: 18 | B8: 2000 | C8: 952 | D8: 1048 | E8: 2250 | F8: 1114 | G8: 1136 | H8: 2192 | I8: 1093 | J8: 1099 | K8: 2507 | L8: 1307 | M8: 1200 | N8: 2526 | O8: 1292 | P8: 1234 | Q8: 2413 | R8: 1219 | S8: 1194 | T8: 2448 | U8: 1193 | V8: 1255
A9: 06 | B9: 1814 | C9: 901 | D9: 913 | E9: 1764 | F9: 856 | G9: 908 | H9: 1775 | I9: 886 | J9: 889 | K9: 2145 | L9: 1131 | M9: 1014 | N9: 2049 | O9: 1068 | P9: 981 | Q9: 1946 | R9: 934 | S9: 1012 | T9: 1952 | U9: 977 | V9: 975
A10: 10 | B10: 1589 | C10: 772 | D10: 817 | E10: 1634 | F10: 842 | G10: 792 | H10: 1724 | I10: 851 | J10: 873 | K10: 1854 | L10: 934 | M10: 920 | N10: 1905 | O10: 973 | P10: 932 | Q10: 2038 | R10: 1014 | S10: 1024 | T10: 1938 | U10: 943 | V10: 995
A11: 11 | B11: 1367 | C11: 692 | D11: 675 | E11: 1387 | F11: 715 | G11: 672 | H11: 1431 | I11: 729 | J11: 702 | K11: 1586 | L11: 821 | M11: 765 | N11: 2183 | O11: 1128 | P11: 1055 | Q11: 2148 | R11: 1121 | S11: 1027 | T11: 2179 | U11: 1138 | V11: 1041
A12: 23 | B12: 1348 | C12: 700 | D12: 648 | E12: 1385 | F12: 734 | G12: 651 | H12: 1514 | I12: 835 | J12: 679 | K12: 1722 | L12: 946 | M12: 776 | N12: 1758 | O12: 982 | P12: 776 | Q12: 1762 | R12: 908 | S12: 854 | T12: 1746 | U12: 909 | V12: 837
A13: 05 | B13: 1182 | C13: 615 | D13: 567 | E13: 1418 | F13: 725 | G13: 693 | H13: 1490 | I13: 755 | J13: 735 | K13: 1680 | L13: 874 | M13: 806 | N13: 1865 | O13: 927 | P13: 938 | Q13: 1764 | R13: 881 | S13: 883 | T13: 1666 | U13: 847 | V13: 819
... A26: 20 | B26: 27 | C26: 16 | D26: 11 | E26: 41 | F26: 16 | G26: 25 | H26: 39 | I26: 22 | J26: 17 | K26: 32 | L26: 23 | M26: 9 | N26: 42 | O26: 28 | P26: 14 | Q26: 53 | R26: 29 | S26: 24 | T26: 49 | U26: 30 | V26: 19
A27: 90 | B27: 1 | C27: 1

Sheet TDPRVINCIAS
A1: prov_res | B1: Columna1 | C1: 2017 | D1: 2018 | E1: 2019 | F1: 2020 | G1: 2021 | H1: 2022 | I1: 2023 | J1: suma | K1: Columna3 | L1: Columna2 | M1: Hombres_2017 | N1: Hombres_2018 | O1: Hombres_2019 | P1: Hombres_2020 | Q1: Hombres_2021 | R1: Hombres_2022 | S1: Hombres_2023 | T1: Mujeres_2017 | U1: Mujeres_2018 | V1: Mujeres_2019 | W1: Mujeres_2020 | X1: Mujeres_2021 | Y1: Mujeres_2022 | Z1: Mujeres_2023 | AA1: VAR_AÑO1 | AB1: VAR_AÑO2 | AC1: VAR_AÑO3 | AD1: VAR_AÑO4 | AE1: VAR_AÑO5 | AF1: VAR_AÑO6 | AG1: PROMEDIO | AH1: MEDIA | AI1: VARAB_AÑO1 | AJ1: VARAB_AÑO2 | AK1: VARAB_AÑO3 | AL1: VARAB_AÑO4 | AM1: VARAB_AÑO5 | AN1: VARAB_AÑO6 | AO1: PROMEDIO2 | AP1: MEDIA2 | AQ1: VARH_AÑO1 | AR1: VARH_AÑO2 | AS1: VARH_AÑO3 | AT1: VARH_AÑO4 | AU1: VARH_AÑO5 | AV1: VARH_AÑO6 | AW1: PROMEDIO3 | AX1: MEDIA3 | AY1: VARAH_AÑO1 | AZ1: VARAH_AÑO2 | BA1: VARAH_AÑO3 | BB1: VARAH_AÑO4 | BC1: VARAH_AÑO5 | BD1: VARAH_AÑO6 | BE1: PROMEDIO4 | BF1: MEDIA4 | BG1: VARM_AÑO1 | BH1: VARM_AÑO2 | BI1: VARM_AÑO3 | BJ1: VARM_AÑO4 | BK1: VARM_AÑO5 | BL1: VARM_AÑO6 | BM1: PROMEDIO5 | BN1: MEDIANA | BO1: VARAM_AÑO1 | BP1: VARAM_AÑO2 | BQ1: VARAM_AÑO3 | BR1: VARAM_AÑO4 | BS1: VARAM_AÑO5 | BT1: VARAM_AÑO6 | BU1: PROMEDIO6 | BV1: MEDIA5
A2: 9 | B2: =_xlfn.XLOOKUP(Tabla10[[#This Row],[prov_res]],Hoja1!$A$34:$A$60,Hoja1!$B$34:$B$60,"",0) -> Guayas | C2: 15503 | D2: 15014 | E2: 15912 | F2: 27460 | G2: 18550 | H2: 18872 | I2: 17738 | J2: =+SUM(Tabla10[[#This Row],[2017]:[2023]]) -> 129049 | K2: =+AVERAGE(Tabla10[[#This Row],[2017]:[suma]]) -> 32262.25 | L2: =+MEDIAN(Tabla10[[#This Row],[2017]:[suma]]) -> 18144 | M2: 8132 | N2: 7777 | O2: 8305 | P2: 15682 | Q2: 9750 | R2: 9834 | S2: 9256 | T2: 7371 | U2: 7237 | V2: 7607 | W2: 11778 | X2: 8800 | Y2: 9038 | Z2: 8482 | AA2: =+(D2-C2)/C2 -> -0.031542282 | AB2: =+(E2-D2)/D2 -> 0.059810843 | AC2: =+(F2-E2)/E2 -> 0.72574158 | AD2: =+(G2-F2)/F2 -> -0.32447196 | AE2: =+(H2-G2)/G2 -> 0.017358491 | AF2: =+(I2-H2)/H2 -> -0.060089021 | AG2: =+AVERAGE(AA2:AF2) -> 0.064467942 | AH2: =MEDIAN(AA2:AF2) -> -0.0070918958 | AI2: =D2-C2 -> -489 | AJ2: =E2-D2 -> 898 | AK2: =F2-E2 -> 11548 | AL2: =G2-F2 -> -8910 | AM2: =H2-G2 -> 322 | AN2: =I2-H2 -> -1134 | AO2: =+AVERAGE(AI2:AN2) -> 372.5 | AP2: =+MEDIAN(AI2:AN2) -> -83.5 | AQ2: =+(N2-M2)/M2 -> -0.043654697 | AR2: =+(O2-N2)/N2 -> 0.067892504 | AS2: =+(P2-O2)/O2 -> 0.88826008 | AT2: =+(Q2-P2)/P2 -> -0.37826808 | AU2: =+(R2-Q2)/Q2 -> 0.0086153846 | AV2: =+(S2-R2)/R2 -> -0.058775676 | AW2: =+AVERAGE(AQ2:AV2) -> 0.080678253 | AX2: =+MEDIAN(AQ2:AV2) -> -0.017519656 | AY2: =N2-M2 -> -355 | AZ2: =O2-N2 -> 528 | BA2: =P2-O2 -> 7377 | BB2: =Q2-P2 -> -5932 | BC2: =R2-Q2 -> 84 | BD2: =S2-R2 -> -578 | BE2: =+AVERAGE(AY2:BD2) -> 187.33333 | BF2: =MEDIAN(AY2:BD2) -> -135.5 | BG2: =+(U2-T2)/T2 -> -0.018179352 | BH2: =+(V2-U2)/U2 -> 0.051126157 | BI2: =+(W2-V2)/V2 -> 0.54831077 | BJ2: =+(X2-W2)/W2 -> -0.25284429 | BK2: =+(Y2-X2)/X2 -> 0.027045455 | BL2: =+(Z2-Y2)/Y2 -> -0.061518035 | BM2: =+AVERAGE(BG2:BL2) -> 0.048990118 | BN2: =MEDIAN(BG2:BL2) -> 0.0044330515 | BO2: =+U2-T2 -> -134 | BP2: =+V2-U2 -> 370 | BQ2: =+W2-V2 -> 4171 | BR2: =+X2-W2 -> -2978 | BS2: =+Y2-X2 -> 238 | BT2: =+Z2-Y2 -> -556 | BU2: =+AVERAGE(BO2:BT2) -> 185.16667 | BV2: =MEDIAN(BO2:BT2) -> 52
A3: 17 | B3: =_xlfn.XLOOKUP(Tabla10[[#This Row],[prov_res]],Hoja1!$A$34:$A$60,Hoja1!$B$34:$B$60,"",0) -> Pichincha | C3: 8873 | D3: 9304 | E3: 9414 | F3: 10717 | G3: 10694 | H3: 10580 | I3: 10466 | J3: =+SUM(Tabla10[[#This Row],[2017]:[2023]]) -> 70048 | K3: =+AVERAGE(Tabla10[[#This Row],[2017]:[suma]]) -> 17512 | L3: =+MEDIAN(Tabla10[[#This Row],[2017]:[suma]]) -> 10523 | M3: 4333 | N3: 4486 | O3: 4509 | P3: 5376 | Q3: 5378 | R3: 5176 | S3: 5099 | T3: 4540 | U3: 4818 | V3: 4905 | W3: 5341 | X3: 5316 | Y3: 5404 | Z3: 5367 | AA3: =+(D3-C3)/C3 -> 0.048574327 | AB3: =+(E3-D3)/D3 -> 0.011822872 | AC3: =+(F3-E3)/E3 -> 0.13841088 | AD3: =+(G3-F3)/F3 -> -0.002146123 | AE3: =+(H3-G3)/G3 -> -0.010660183 | AF3: =+(I3-H3)/H3 -> -0.010775047 | AG3: =+AVERAGE(AA3:AF3) -> 0.029204454 | AH3: =MEDIAN(AA3:AF3) -> 0.0048383745 | AI3: =D3-C3 -> 431 | AJ3: =E3-D3 -> 110 | AK3: =F3-E3 -> 1303 | AL3: =G3-F3 -> -23 | AM3: =H3-G3 -> -114 | AN3: =I3-H3 -> -114 | AO3: =+AVERAGE(AI3:AN3) -> 265.5 | AP3: =+MEDIAN(AI3:AN3) -> 43.5 | AQ3: =+(N3-M3)/M3 -> 0.035310408 | AR3: =+(O3-N3)/N3 -> 0.005127062 | AS3: =+(P3-O3)/O3 -> 0.1922821 | AT3: =+(Q3-P3)/P3 -> 0.00037202381 | AU3: =+(R3-Q3)/Q3 -> -0.037560431 | AV3: =+(S3-R3)/R3 -> -0.014876352 | AW3: =+AVERAGE(AQ3:AV3) -> 0.030109135 | AX3: =+MEDIAN(AQ3:AV3) -> 0.0027495429 | AY3: =N3-M3 -> 153 | AZ3: =O3-N3 -> 23 | BA3: =P3-O3 -> 867 | BB3: =Q3-P3 -> 2 | BC3: =R3-Q3 -> -202 | BD3: =S3-R3 -> -77 | BE3: =+AVERAGE(AY3:BD3) -> 127.66667 | BF3: =MEDIAN(AY3:BD3) -> 12.5 | BG3: =+(U3-T3)/T3 -> 0.06123348 | BH3: =+(V3-U3)/U3 -> 0.018057285 | BI3: =+(W3-V3)/V3 -> 0.088888889 | BJ3: =+(X3-W3)/W3 -> -0.0046807714 | BK3: =+(Y3-X3)/X3 -> 0.0165538 | BL3: =+(Z3-Y3)/Y3 -> -0.0068467802 | BM3: =+AVERAGE(BG3:BL3) -> 0.02886765 | BN3: =MEDIAN(BG3:BL3) -> 0.017305543 | BO3: =+U3-T3 -> 278 | BP3: =+V3-U3 -> 87 | BQ3: =+W3-V3 -> 436 | BR3: =+X3-W3 -> -25 | BS3: =+Y3-X3 -> 88 | BT3: =+Z3-Y3 -> -37 | BU3: =+AVERAGE(BO3:BT3) -> 137.83333 | BV3: =MEDIAN(BO3:BT3) -> 87.5
A4: 13 | B4: =_xlfn.XLOOKUP(Tabla10[[#This Row],[prov_res]],Hoja1!$A$34:$A$60,Hoja1!$B$34:$B$60,"",0) -> Manabí | C4: 5279 | D4: 5462 | E4: 5721 | F4: 7220 | G4: 6431 | H4: 6640 | I4: 6141 | J4: =+SUM(Tabla10[[#This Row],[2017]:[2023]]) -> 42894 | K4: =+AVERAGE(Tabla10[[#This Row],[2017]:[suma]]) -> 10723.5 | L4: =+MEDIAN(Tabla10[[#This Row],[2017]:[suma]]) -> 6286 | M4: 2843 | N4: 2955 | O4: 3127 | P4: 4051 | Q4: 3475 | R4: 3562 | S4: 3304 | T4: 2436 | U4: 2507 | V4: 2594 | W4: 3169 | X4: 2956 | Y4: 3078 | Z4: 2837 | AA4: =+(D4-C4)/C4 -> 0.034665656 | AB4: =+(E4-D4)/D4 -> 0.047418528 | AC4: =+(F4-E4)/E4 -> 0.26201713 | AD4: =+(G4-F4)/F4 -> -0.10927978 | AE4: =+(H4-G4)/G4 -> 0.032498834 | AF4: =+(I4-H4)/H4 -> -0.075150602 | AG4: =+AVERAGE(AA4:AF4) -> 0.032028295 | AH4: =MEDIAN(AA4:AF4) -> 0.033582245 | AI4: =D4-C4 -> 183 | AJ4: =E4-D4 -> 259 | AK4: =F4-E4 -> 1499 | AL4: =G4-F4 -> -789 | AM4: =H4-G4 -> 209 | AN4: =I4-H4 -> -499 | AO4: =+AVERAGE(AI4:AN4) -> 143.66667 | AP4: =+MEDIAN(AI4:AN4) -> 196 | AQ4: =+(N4-M4)/M4 -> 0.039395005 | AR4: =+(O4-N4)/N4 -> 0.05820643 | AS4: =+(P4-O4)/O4 -> 0.29549089 | AT4: =+(Q4-P4)/P4 -> -0.14218711 | AU4: =+(R4-Q4)/Q4 -> 0.025035971 | AV4: =+(S4-R4)/R4 -> -0.072431218 | AW4: =+AVERAGE(AQ4:AV4) -> 0.033918327 | AX4: =+MEDIAN(AQ4:AV4) -> 0.032215488 | AY4: =N4-M4 -> 112 | AZ4: =O4-N4 -> 172 | BA4: =P4-O4 -> 924 | BB4: =Q4-P4 -> -576 | BC4: =R4-Q4 -> 87 | BD4: =S4-R4 -> -258 | BE4: =+AVERAGE(AY4:BD4) -> 76.833333 | BF4: =MEDIAN(AY4:BD4) -> 99.5 | BG4: =+(U4-T4)/T4 -> 0.029146141 | BH4: =+(V4-U4)/U4 -> 0.034702832 | BI4: =+(W4-V4)/V4 -> 0.22166538 | BJ4: =+(X4-W4)/W4 -> -0.067213632 | BK4: =+(Y4-X4)/X4 -> 0.041271989 | BL4: =+(Z4-Y4)/Y4 -> -0.078297596 | BM4: =+AVERAGE(BG4:BL4) -> 0.030212519 | BN4: =MEDIAN(BG4:BL4) -> 0.031924487 | BO4: =+U4-T4 -> 71 | BP4: =+V4-U4 -> 87 | BQ4: =+W4-V4 -> 575 | BR4: =+X4-W4 -> -213 | BS4: =+Y4-X4 -> 122 | BT4: =+Z4-Y4 -> -241 | BU4: =+AVERAGE(BO4:BT4) -> 66.833333 | BV4: =MEDIAN(BO4:BT4) -> 79
A5: 12 | B5: =_xlfn.XLOOKUP(Tabla10[[#This Row],[prov_res]],Hoja1!$A$34:$A$60,Hoja1!$B$34:$B$60,"",0) -> Los Ríos | C5: 2922 | D5: 2967 | E5: 3148 | F5: 3755 | G5: 3762 | H5: 3673 | I5: 3554 | J5: =+SUM(Tabla10[[#This Row],[2017]:[2023]]) -> 23781 | K5: =+AVERAGE(Tabla10[[#This Row],[2017]:[suma]]) -> 5945.25 | L5: =+MEDIAN(Tabla10[[#This Row],[2017]:[suma]]) -> 3613.5 | M5: 1591 | N5: 1638 | O5: 1710 | P5: 2127 | Q5: 2039 | R5: 2017 | S5: 1930 | T5: 1331 | U5: 1329 | V5: 1438 | W5: 1628 | X5: 1723 | Y5: 1656 | Z5: 1624 | AA5: =+(D5-C5)/C5 -> 0.015400411 | AB5: =+(E5-D5)/D5 -> 0.061004382 | AC5: =+(F5-E5)/E5 -> 0.19282084 | AD5: =+(G5-F5)/F5 -> 0.0018641811 | AE5: =+(H5-G5)/G5 -> -0.023657629 | AF5: =+(I5-H5)/H5 -> -0.032398584 | AG5: =+AVERAGE(AA5:AF5) -> 0.035838933 | AH5: =MEDIAN(AA5:AF5) -> 0.0086322959 | AI5: =D5-C5 -> 45 | AJ5: =E5-D5 -> 181 | AK5: =F5-E5 -> 607 | AL5: =G5-F5 -> 7 | AM5: =H5-G5 -> -89 | AN5: =I5-H5 -> -119 | AO5: =+AVERAGE(AI5:AN5) -> 105.33333 | AP5: =+MEDIAN(AI5:AN5) -> 26 | AQ5: =+(N5-M5)/M5 -> 0.029541169 | AR5: =+(O5-N5)/N5 -> 0.043956044 | AS5: =+(P5-O5)/O5 -> 0.24385965 | AT5: =+(Q5-P5)/P5 -> -0.041372826 | AU5: =+(R5-Q5)/Q5 -> -0.010789603 | AV5: =+(S5-R5)/R5 -> -0.043133366 | AW5: =+AVERAGE(AQ5:AV5) -> 0.037010178 | AX5: =+MEDIAN(AQ5:AV5) -> 0.0093757832 | AY5: =N5-M5 -> 47 | AZ5: =O5-N5 -> 72 | BA5: =P5-O5 -> 417 | BB5: =Q5-P5 -> -88 | BC5: =R5-Q5 -> -22 | BD5: =S5-R5 -> -87 | BE5: =+AVERAGE(AY5:BD5) -> 56.5 | BF5: =MEDIAN(AY5:BD5) -> 12.5 | BG5: =+(U5-T5)/T5 -> -0.0015026296 | BH5: =+(V5-U5)/U5 -> 0.082016554 | BI5: =+(W5-V5)/V5 -> 0.13212796 | BJ5: =+(X5-W5)/W5 -> 0.058353808 | BK5: =+(Y5-X5)/X5 -> -0.038885665 | BL5: =+(Z5-Y5)/Y5 -> -0.019323671 | BM5: =+AVERAGE(BG5:BL5) -> 0.035464392 | BN5: =MEDIAN(BG5:BL5) -> 0.028425589 | BO5: =+U5-T5 -> -2 | BP5: =+V5-U5 -> 109 | BQ5: =+W5-V5 -> 190 | BR5: =+X5-W5 -> 95 | BS5: =+Y5-X5 -> -67 | BT5: =+Z5-Y5 -> -32 | BU5: =+AVERAGE(BO5:BT5) -> 48.833333 | BV5: =MEDIAN(BO5:BT5) -> 46.5
A6: 1 | B6: =_xlfn.XLOOKUP(Tabla10[[#This Row],[prov_res]],Hoja1!$A$34:$A$60,Hoja1!$B$34:$B$60,"",0) -> Azuay | C6: 2609 | D6: 2800 | E6: 2852 | F6: 3136 | G6: 3224 | H6: 3384 | I6: 3216 | J6: =+SUM(Tabla10[[#This Row],[2017]:[2023]]) -> 21221 | K6: =+AVERAGE(Tabla10[[#This Row],[2017]:[suma]]) -> 5305.25 | L6: =+MEDIAN(Tabla10[[#This Row],[2017]:[suma]]) -> 3176 | M6: 1241 | N6: 1335 | O6: 1358 | P6: 1572 | Q6: 1592 | R6: 1632 | S6: 1578 | T6: 1368 | U6: 1465 | V6: 1494 | W6: 1564 | X6: 1632 | Y6: 1752 | Z6: 1638 | AA6: =+(D6-C6)/C6 -> 0.073208126 | AB6: =+(E6-D6)/D6 -> 0.018571429 | AC6: =+(F6-E6)/E6 -> 0.099579243 | AD6: =+(G6-F6)/F6 -> 0.028061224 | AE6: =+(H6-G6)/G6 -> 0.049627792 | AF6: =+(I6-H6)/H6 -> -0.04964539 | AG6: =+AVERAGE(AA6:AF6) -> 0.03656707 | AH6: =MEDIAN(AA6:AF6) -> 0.038844508 | AI6: =D6-C6 -> 191 | AJ6: =E6-D6 -> 52 | AK6: =F6-E6 -> 284 | AL6: =G6-F6 -> 88 | AM6: =H6-G6 -> 160 | AN6: =I6-H6 -> -168 | AO6: =+AVERAGE(AI6:AN6) -> 101.16667 | AP6: =+MEDIAN(AI6:AN6) -> 124 | AQ6: =+(N6-M6)/M6 -> 0.075745367 | AR6: =+(O6-N6)/N6 -> 0.017228464 | AS6: =+(P6-O6)/O6 -> 0.15758468 | AT6: =+(Q6-P6)/P6 -> 0.012722646 | AU6: =+(R6-Q6)/Q6 -> 0.025125628 | AV6: =+(S6-R6)/R6 -> -0.033088235 | AW6: =+AVERAGE(AQ6:AV6) -> 0.042553092 | AX6: =+MEDIAN(AQ6:AV6) -> 0.021177046 | AY6: =N6-M6 -> 94 | AZ6: =O6-N6 -> 23 | BA6: =P6-O6 -> 214 | BB6: =Q6-P6 -> 20 | BC6: =R6-Q6 -> 40 | BD6: =S6-R6 -> -54 | BE6: =+AVERAGE(AY6:BD6) -> 56.166667 | BF6: =MEDIAN(AY6:BD6) -> 31.5 | BG6: =+(U6-T6)/T6 -> 0.070906433 | BH6: =+(V6-U6)/U6 -> 0.019795222 | BI6: =+(W6-V6)/V6 -> 0.046854083 | BJ6: =+(X6-W6)/W6 -> 0.043478261 | BK6: =+(Y6-X6)/X6 -> 0.073529412 | BL6: =+(Z6-Y6)/Y6 -> -0.065068493 | BM6: =+AVERAGE(BG6:BL6) -> 0.031582486 | BN6: =MEDIAN(BG6:BL6) -> 0.045166172 | BO6: =+U6-T6 -> 97 | BP6: =+V6-U6 -> 29 | BQ6: =+W6-V6 -> 70 | BR6: =+X6-W6 -> 68 | BS6: =+Y6-X6 -> 120 | BT6: =+Z6-Y6 -> -114 | BU6: =+AVERAGE(BO6:BT6) -> 45 | BV6: =MEDIAN(BO6:BT6) -> 69
A7: 7 | B7: =_xlfn.XLOOKUP(Tabla10[[#This Row],[prov_res]],Hoja1!$A$34:$A$60,Hoja1!$B$34:$B$60,"",0) -> El Oro | C7: 2078 | D7: 2006 | E7: 2105 | F7: 2422 | G7: 2615 | H7: 2655 | I7: 2730 | J7: =+SUM(Tabla10[[#This Row],[2017]:[2023]]) -> 16611 | K7: =+AVERAGE(Tabla10[[#This Row],[2017]:[suma]]) -> 4152.75 | L7: =+MEDIAN(Tabla10[[#This Row],[2017]:[suma]]) -> 2518.5 | M7: 1140 | N7: 1073 | O7: 1133 | P7: 1323 | Q7: 1469 | R7: 1438 | S7: 1462 | T7: 938 | U7: 933 | V7: 972 | W7: 1099 | X7: 1146 | Y7: 1217 | Z7: 1268 | AA7: =+(D7-C7)/C7 -> -0.034648701 | AB7: =+(E7-D7)/D7 -> 0.049351944 | AC7: =+(F7-E7)/E7 -> 0.15059382 | AD7: =+(G7-F7)/F7 -> 0.07968621 | AE7: =+(H7-G7)/G7 -> 0.015296367 | AF7: =+(I7-H7)/H7 -> 0.028248588 | AG7: =+AVERAGE(AA7:AF7) -> 0.048088039 | AH7: =MEDIAN(AA7:AF7) -> 0.038800266 | AI7: =D7-C7 -> -72 | AJ7: =E7-D7 -> 99 | AK7: =F7-E7 -> 317 | AL7: =G7-F7 -> 193 | AM7: =H7-G7 -> 40 | AN7: =I7-H7 -> 75 | AO7: =+AVERAGE(AI7:AN7) -> 108.66667 | AP7: =+MEDIAN(AI7:AN7) -> 87 | AQ7: =+(N7-M7)/M7 -> -0.05877193 | AR7: =+(O7-N7)/N7 -> 0.055917987 | AS7: =+(P7-O7)/O7 -> 0.16769638 | AT7: =+(Q7-P7)/P7 -> 0.11035525 | AU7: =+(R7-Q7)/Q7 -> -0.021102791 | AV7: =+(S7-R7)/R7 -> 0.016689847 | AW7: =+AVERAGE(AQ7:AV7) -> 0.045130791 | AX7: =+MEDIAN(AQ7:AV7) -> 0.036303917 | AY7: =N7-M7 -> -67 | AZ7: =O7-N7 -> 60 | BA7: =P7-O7 -> 190 | BB7: =Q7-P7 -> 146 | BC7: =R7-Q7 -> -31 | BD7: =S7-R7 -> 24 | BE7: =+AVERAGE(AY7:BD7) -> 53.666667 | BF7: =MEDIAN(AY7:BD7) -> 42 | BG7: =+(U7-T7)/T7 -> -0.0053304904 | BH7: =+(V7-U7)/U7 -> 0.041800643 | BI7: =+(W7-V7)/V7 -> 0.13065844 | BJ7: =+(X7-W7)/W7 -> 0.042766151 | BK7: =+(Y7-X7)/X7 -> 0.061954625 | BL7: =+(Z7-Y7)/Y7 -> 0.041906327 | BM7: =+AVERAGE(BG7:BL7) -> 0.052292615 | BN7: =MEDIAN(BG7:BL7) -> 0.042336239 | BO7: =+U7-T7 -> -5 | BP7: =+V7-U7 -> 39 | BQ7: =+W7-V7 -> 127 | BR7: =+X7-W7 -> 47 | BS7: =+Y7-X7 -> 71 | BT7: =+Z7-Y7 -> 51 | BU7: =+AVERAGE(BO7:BT7) -> 55 | BV7: =MEDIAN(BO7:BT7) -> 49
A8: 18 | B8: =_xlfn.XLOOKUP(Tabla10[[#This Row],[prov_res]],Hoja1!$A$34:$A$60,Hoja1!$B$34:$B$60,"",0) -> Tungurahua | C8: 2000 | D8: 2250 | E8: 2192 | F8: 2507 | G8: 2526 | H8: 2413 | I8: 2448 | J8: =+SUM(Tabla10[[#This Row],[2017]:[2023]]) -> 16336 | K8: =+AVERAGE(Tabla10[[#This Row],[2017]:[suma]]) -> 4084 | L8: =+MEDIAN(Tabla10[[#This Row],[2017]:[suma]]) -> 2430.5 | M8: 952 | N8: 1114 | O8: 1093 | P8: 1307 | Q8: 1292 | R8: 1219 | S8: 1193 | T8: 1048 | U8: 1136 | V8: 1099 | W8: 1200 | X8: 1234 | Y8: 1194 | Z8: 1255 | AA8: =+(D8-C8)/C8 -> 0.125 | AB8: =+(E8-D8)/D8 -> -0.025777778 | AC8: =+(F8-E8)/E8 -> 0.14370438 | AD8: =+(G8-F8)/F8 -> 0.0075787794 | AE8: =+(H8-G8)/G8 -> -0.044734759 | AF8: =+(I8-H8)/H8 -> 0.014504766 | AG8: =+AVERAGE(AA8:AF8) -> 0.036712565 | AH8: =MEDIAN(AA8:AF8) -> 0.011041773 | AI8: =D8-C8 -> 250 | AJ8: =E8-D8 -> -58 | AK8: =F8-E8 -> 315 | AL8: =G8-F8 -> 19 | AM8: =H8-G8 -> -113 | AN8: =I8-H8 -> 35 | AO8: =+AVERAGE(AI8:AN8) -> 74.666667 | AP8: =+MEDIAN(AI8:AN8) -> 27 | AQ8: =+(N8-M8)/M8 -> 0.17016807 | AR8: =+(O8-N8)/N8 -> -0.018850987 | AS8: =+(P8-O8)/O8 -> 0.1957914 | AT8: =+(Q8-P8)/P8 -> -0.011476664 | AU8: =+(R8-Q8)/Q8 -> -0.056501548 | AV8: =+(S8-R8)/R8 -> -0.021328958 | AW8: =+AVERAGE(AQ8:AV8) -> 0.042966885 | AX8: =+MEDIAN(AQ8:AV8) -> -0.015163826 | AY8: =N8-M8 -> 162 | AZ8: =O8-N8 -> -21 | BA8: =P8-O8 -> 214 | BB8: =Q8-P8 -> -15 | BC8: =R8-Q8 -> -73 | BD8: =S8-R8 -> -26 | BE8: =+AVERAGE(AY8:BD8) -> 40.166667 | BF8: =MEDIAN(AY8:BD8) -> -18 | BG8: =+(U8-T8)/T8 -> 0.083969466 | BH8: =+(V8-U8)/U8 -> -0.032570423 | BI8: =+(W8-V8)/V8 -> 0.091901729 | BJ8: =+(X8-W8)/W8 -> 0.028333333 | BK8: =+(Y8-X8)/X8 -> -0.032414911 | BL8: =+(Z8-Y8)/Y8 -> 0.051088777 | BM8: =+AVERAGE(BG8:BL8) -> 0.031717995 | BN8: =MEDIAN(BG8:BL8) -> 0.039711055 | BO8: =+U8-T8 -> 88 | BP8: =+V8-U8 -> -37 | BQ8: =+W8-V8 -> 101 | BR8: =+X8-W8 -> 34 | BS8: =+Y8-X8 -> -40 | BT8: =+Z8-Y8 -> 61 | BU8: =+AVERAGE(BO8:BT8) -> 34.5 | BV8: =MEDIAN(BO8:BT8) -> 47.5
A9: 11 | B9: =_xlfn.XLOOKUP(Tabla10[[#This Row],[prov_res]],Hoja1!$A$34:$A$60,Hoja1!$B$34:$B$60,"",0) -> Loja | C9: 1367 | D9: 1387 | E9: 1431 | F9: 1586 | G9: 2183 | H9: 2148 | I9: 2179 | J9: =+SUM(Tabla10[[#This Row],[2017]:[2023]]) -> 12281 | K9: =+AVERAGE(Tabla10[[#This Row],[2017]:[suma]]) -> 3070.25 | L9: =+MEDIAN(Tabla10[[#This Row],[2017]:[suma]]) -> 1867 | M9: 692 | N9: 715 | O9: 729 | P9: 821 | Q9: 1128 | R9: 1121 | S9: 1138 | T9: 675 | U9: 672 | V9: 702 | W9: 765 | X9: 1055 | Y9: 1027 | Z9: 1041 | AA9: =+(D9-C9)/C9 -> 0.014630578 | AB9: =+(E9-D9)/D9 -> 0.031723143 | AC9: =+(F9-E9)/E9 -> 0.10831586 | AD9: =+(G9-F9)/F9 -> 0.37641866 | AE9: =+(H9-G9)/G9 -> -0.016032982 | AF9: =+(I9-H9)/H9 -> 0.01443203 | AG9: =+AVERAGE(AA9:AF9) -> 0.088247883 | AH9: =MEDIAN(AA9:AF9) -> 0.023176861 | AI9: =D9-C9 -> 20 | AJ9: =E9-D9 -> 44 | AK9: =F9-E9 -> 155 | AL9: =G9-F9 -> 597 | AM9: =H9-G9 -> -35 | AN9: =I9-H9 -> 31 | AO9: =+AVERAGE(AI9:AN9) -> 135.33333 | AP9: =+MEDIAN(AI9:AN9) -> 37.5 | AQ9: =+(N9-M9)/M9 -> 0.033236994 | AR9: =+(O9-N9)/N9 -> 0.01958042 | AS9: =+(P9-O9)/O9 -> 0.12620027 | AT9: =+(Q9-P9)/P9 -> 0.37393423 | AU9: =+(R9-Q9)/Q9 -> -0.0062056738 | AV9: =+(S9-R9)/R9 -> 0.015165031 | AW9: =+AVERAGE(AQ9:AV9) -> 0.093651879 | AX9: =+MEDIAN(AQ9:AV9) -> 0.026408707 | AY9: =N9-M9 -> 23 | AZ9: =O9-N9 -> 14 | BA9: =P9-O9 -> 92 | BB9: =Q9-P9 -> 307 | BC9: =R9-Q9 -> -7 | BD9: =S9-R9 -> 17 | BE9: =+AVERAGE(AY9:BD9) -> 74.333333 | BF9: =MEDIAN(AY9:BD9) -> 20 | BG9: =+(U9-T9)/T9 -> -0.0044444444 | BH9: =+(V9-U9)/U9 -> 0.044642857 | BI9: =+(W9-V9)/V9 -> 0.08974359 | BJ9: =+(X9-W9)/W9 -> 0.37908497 | BK9: =+(Y9-X9)/X9 -> -0.026540284 | BL9: =+(Z9-Y9)/Y9 -> 0.013631938 | BM9: =+AVERAGE(BG9:BL9) -> 0.082686437 | BN9: =MEDIAN(BG9:BL9) -> 0.029137397 | BO9: =+U9-T9 -> -3 | BP9: =+V9-U9 -> 30 | BQ9: =+W9-V9 -> 63 | BR9: =+X9-W9 -> 290 | BS9: =+Y9-X9 -> -28 | BT9: =+Z9-Y9 -> 14 | BU9: =+AVERAGE(BO9:BT9) -> 61 | BV9: =MEDIAN(BO9:BT9) -> 22
A10: 6 | B10: =_xlfn.XLOOKUP(Tabla10[[#This Row],[prov_res]],Hoja1!$A$34:$A$60,Hoja1!$B$34:$B$60,"",0) -> Cotopaxi | C10: 1814 | D10: 1764 | E10: 1775 | F10: 2145 | G10: 2049 | H10: 1946 | I10: 1952 | J10: =+SUM(Tabla10[[#This Row],[2017]:[2023]]) -> 13445 | K10: =+AVERAGE(Tabla10[[#This Row],[2017]:[suma]]) -> 3361.25 | L10: =+MEDIAN(Tabla10[[#This Row],[2017]:[suma]]) -> 1949 | M10: 901 | N10: 856 | O10: 886 | P10: 1131 | Q10: 1068 | R10: 934 | S10: 977 | T10: 913 | U10: 908 | V10: 889 | W10: 1014 | X10: 981 | Y10: 1012 | Z10: 975 | AA10: =+(D10-C10)/C10 -> -0.027563396 | AB10: =+(E10-D10)/D10 -> 0.0062358277 | AC10: =+(F10-E10)/E10 -> 0.2084507 | AD10: =+(G10-F10)/F10 -> -0.044755245 | AE10: =+(H10-G10)/G10 -> -0.050268424 | AF10: =+(I10-H10)/H10 -> 0.0030832477 | AG10: =+AVERAGE(AA10:AF10) -> 0.015863786 | AH10: =MEDIAN(AA10:AF10) -> -0.012240074 | AI10: =D10-C10 -> -50 | AJ10: =E10-D10 -> 11 | AK10: =F10-E10 -> 370 | AL10: =G10-F10 -> -96 | AM10: =H10-G10 -> -103 | AN10: =I10-H10 -> 6 | AO10: =+AVERAGE(AI10:AN10) -> 23 | AP10: =+MEDIAN(AI10:AN10) -> -22 | AQ10: =+(N10-M10)/M10 -> -0.049944506 | AR10: =+(O10-N10)/N10 -> 0.035046729 | AS10: =+(P10-O10)/O10 -> 0.2765237 | AT10: =+(Q10-P10)/P10 -> -0.055702918 | AU10: =+(R10-Q10)/Q10 -> -0.12546816 | AV10: =+(S10-R10)/R10 -> 0.046038544 | AW10: =+AVERAGE(AQ10:AV10) -> 0.021082231 | AX10: =+MEDIAN(AQ10:AV10) -> -0.0074488886 | AY10: =N10-M10 -> -45 | AZ10: =O10-N10 -> 30 | BA10: =P10-O10 -> 245 | BB10: =Q10-P10 -> -63 | BC10: =R10-Q10 -> -134 | BD10: =S10-R10 -> 43 | BE10: =+AVERAGE(AY10:BD10) -> 12.666667 | BF10: =MEDIAN(AY10:BD10) -> -7.5 | BG10: =+(U10-T10)/T10 -> -0.0054764513 | BH10: =+(V10-U10)/U10 -> -0.02092511 | BI10: =+(W10-V10)/V10 -> 0.14060742 | BJ10: =+(X10-W10)/W10 -> -0.032544379 | BK10: =+(Y10-X10)/X10 -> 0.031600408 | BL10: =+(Z10-Y10)/Y10 -> -0.036561265 | BM10: =+AVERAGE(BG10:BL10) -> 0.012783438 | BN10: =MEDIAN(BG10:BL10) -> -0.013200781 | BO10: =+U10-T10 -> -5 | BP10: =+V10-U10 -> -19 | BQ10: =+W10-V10 -> 125 | BR10: =+X10-W10 -> -33 | BS10: =+Y10-X10 -> 31 | BT10: =+Z10-Y10 -> -37 | BU10: =+AVERAGE(BO10:BT10) -> 10.333333 | BV10: =MEDIAN(BO10:BT10) -> -12
A11: 10 | B11: =_xlfn.XLOOKUP(Tabla10[[#This Row],[prov_res]],Hoja1!$A$34:$A$60,Hoja1!$B$34:$B$60,"",0) -> Imbabura | C11: 1589 | D11: 1634 | E11: 1724 | F11: 1854 | G11: 1905 | H11: 2038 | I11: 1938 | J11: =+SUM(Tabla10[[#This Row],[2017]:[2023]]) -> 12682 | K11: =+AVERAGE(Tabla10[[#This Row],[2017]:[suma]]) -> 3170.5 | L11: =+MEDIAN(Tabla10[[#This Row],[2017]:[suma]]) -> 1879.5 | M11: 772 | N11: 842 | O11: 851 | P11: 934 | Q11: 973 | R11: 1014 | S11: 943 | T11: 817 | U11: 792 | V11: 873 | W11: 920 | X11: 932 | Y11: 1024 | Z11: 995 | AA11: =+(D11-C11)/C11 -> 0.028319698 | AB11: =+(E11-D11)/D11 -> 0.055079559 | AC11: =+(F11-E11)/E11 -> 0.075406032 | AD11: =+(G11-F11)/F11 -> 0.027508091 | AE11: =+(H11-G11)/G11 -> 0.069816273 | AF11: =+(I11-H11)/H11 -> -0.049067713 | AG11: =+AVERAGE(AA11:AF11) -> 0.034510323 | AH11: =MEDIAN(AA11:AF11) -> 0.041699629 | AI11: =D11-C11 -> 45 | AJ11: =E11-D11 -> 90 | AK11: =F11-E11 -> 130 | AL11: =G11-F11 -> 51 | AM11: =H11-G11 -> 133 | AN11: =I11-H11 -> -100 | AO11: =+AVERAGE(AI11:AN11) -> 58.166667 | AP11: =+MEDIAN(AI11:AN11) -> 70.5 | AQ11: =+(N11-M11)/M11 -> 0.090673575 | AR11: =+(O11-N11)/N11 -> 0.010688836 | AS11: =+(P11-O11)/O11 -> 0.097532315 | AT11: =+(Q11-P11)/P11 -> 0.041755889 | AU11: =+(R11-Q11)/Q11 -> 0.042137718 | AV11: =+(S11-R11)/R11 -> -0.070019724 | AW11: =+AVERAGE(AQ11:AV11) -> 0.035461435 | AX11: =+MEDIAN(AQ11:AV11) -> 0.041946804 | AY11: =N11-M11 -> 70 | AZ11: =O11-N11 -> 9 | BA11: =P11-O11 -> 83 | BB11: =Q11-P11 -> 39 | BC11: =R11-Q11 -> 41 | BD11: =S11-R11 -> -71 | BE11: =+AVERAGE(AY11:BD11) -> 28.5 | BF11: =MEDIAN(AY11:BD11) -> 40 | BG11: =+(U11-T11)/T11 -> -0.030599755 | BH11: =+(V11-U11)/U11 -> 0.10227273 | BI11: =+(W11-V11)/V11 -> 0.053837342 | BJ11: =+(X11-W11)/W11 -> 0.013043478 | BK11: =+(Y11-X11)/X11 -> 0.098712446 | BL11: =+(Z11-Y11)/Y11 -> -0.028320312 | BM11: =+AVERAGE(BG11:BL11) -> 0.034824321 | BN11: =MEDIAN(BG11:BL11) -> 0.03344041 | BO11: =+U11-T11 -> -25 | BP11: =+V11-U11 -> 81 | BQ11: =+W11-V11 -> 47 | BR11: =+X11-W11 -> 12 | BS11: =+Y11-X11 -> 92 | BT11: =+Z11-Y11 -> -29 | BU11: =+AVERAGE(BO11:BT11) -> 29.666667 | BV11: =MEDIAN(BO11:BT11) -> 29.5
A12: 23 | B12: =_xlfn.XLOOKUP(Tabla10[[#This Row],[prov_res]],Hoja1!$A$34:$A$60,Hoja1!$B$34:$B$60,"",0) -> Santo Domingo de los Tsáchilas | C12: 1348 | D12: 1385 | E12: 1514 | F12: 1722 | G12: 1758 | H12: 1762 | I12: 1746 | J12: =+SUM(Tabla10[[#This Row],[2017]:[2023]]) -> 11235 | K12: =+AVERAGE(Tabla10[[#This Row],[2017]:[suma]]) -> 2808.75 | L12: =+MEDIAN(Tabla10[[#This Row],[2017]:[suma]]) -> 1734 | M12: 700 | N12: 734 | O12: 835 | P12: 946 | Q12: 982 | R12: 908 | S12: 909 | T12: 648 | U12: 651 | V12: 679 | W12: 776 | X12: 776 | Y12: 854 | Z12: 837 | AA12: =+(D12-C12)/C12 -> 0.027448071 | AB12: =+(E12-D12)/D12 -> 0.093140794 | AC12: =+(F12-E12)/E12 -> 0.13738441 | AD12: =+(G12-F12)/F12 -> 0.020905923 | AE12: =+(H12-G12)/G12 -> 0.0022753129 | AF12: =+(I12-H12)/H12 -> -0.0090805902 | AG12: =+AVERAGE(AA12:AF12) -> 0.045345654 | AH12: =MEDIAN(AA12:AF12) -> 0.024176997 | AI12: =D12-C12 -> 37 | AJ12: =E12-D12 -> 129 | AK12: =F12-E12 -> 208 | AL12: =G12-F12 -> 36 | AM12: =H12-G12 -> 4 | AN12: =I12-H12 -> -16 | AO12: =+AVERAGE(AI12:AN12) -> 66.333333 | AP12: =+MEDIAN(AI12:AN12) -> 36.5 | AQ12: =+(N12-M12)/M12 -> 0.048571429 | AR12: =+(O12-N12)/N12 -> 0.13760218 | AS12: =+(P12-O12)/O12 -> 0.13293413 | AT12: =+(Q12-P12)/P12 -> 0.038054968 | AU12: =+(R12-Q12)/Q12 -> -0.075356415 | AV12: =+(S12-R12)/R12 -> 0.0011013216 | AW12: =+AVERAGE(AQ12:AV12) -> 0.047151269 | AX12: =+MEDIAN(AQ12:AV12) -> 0.043313198 | AY12: =N12-M12 -> 34 | AZ12: =O12-N12 -> 101 | BA12: =P12-O12 -> 111 | BB12: =Q12-P12 -> 36 | BC12: =R12-Q12 -> -74 | BD12: =S12-R12 -> 1 | BE12: =+AVERAGE(AY12:BD12) -> 34.833333 | BF12: =MEDIAN(AY12:BD12) -> 35 | BG12: =+(U12-T12)/T12 -> 0.0046296296 | BH12: =+(V12-U12)/U12 -> 0.043010753 | BI12: =+(W12-V12)/V12 -> 0.14285714 | BJ12: =+(X12-W12)/W12 -> 0 | BK12: =+(Y12-X12)/X12 -> 0.10051546 | BL12: =+(Z12-Y12)/Y12 -> -0.019906323 | BM12: =+AVERAGE(BG12:BL12) -> 0.045184444 | BN12: =MEDIAN(BG12:BL12) -> 0.023820191 | BO12: =+U12-T12 -> 3 | BP12: =+V12-U12 -> 28 | BQ12: =+W12-V12 -> 97 | BR12: =+X12-W12 -> 0 | BS12: =+Y12-X12 -> 78 | BT12: =+Z12-Y12 -> -17 | BU12: =+AVERAGE(BO12:BT12) -> 31.5 | BV12: =MEDIAN(BO12:BT12) -> 15.5
A13: 5 | B13: =_xlfn.XLOOKUP(Tabla10[[#This Row],[prov_res]],Hoja1!$A$34:$A$60,Hoja1!$B$34:$B$60,"",0) -> Chimborazo | C13: 1182 | D13: 1418 | E13: 1490 | F13: 1680 | G13: 1865 | H13: 1764 | I13: 1666 | J13: =+SUM(Tabla10[[#This Row],[2017]:[2023]]) -> 11065 | K13: =+AVERAGE(Tabla10[[#This Row],[2017]:[suma]]) -> 2766.25 | L13: =+MEDIAN(Tabla10[[#This Row],[2017]:[suma]]) -> 1673 | M13: 615 | N13: 725 | O13: 755 | P13: 874 | Q13: 927 | R13: 881 | S13: 847 | T13: 567 | U13: 693 | V13: 735 | W13: 806 | X13: 938 | Y13: 883 | Z13: 819 | AA13: =+(D13-C13)/C13 -> 0.19966159 | AB13: =+(E13-D13)/D13 -> 0.05077574 | AC13: =+(F13-E13)/E13 -> 0.12751678 | AD13: =+(G13-F13)/F13 -> 0.11011905 | AE13: =+(H13-G13)/G13 -> -0.054155496 | AF13: =+(I13-H13)/H13 -> -0.055555556 | AG13: =+AVERAGE(AA13:AF13) -> 0.063060351 | AH13: =MEDIAN(AA13:AF13) -> 0.080447394 | AI13: =D13-C13 -> 236 | AJ13: =E13-D13 -> 72 | AK13: =F13-E13 -> 190 | AL13: =G13-F13 -> 185 | AM13: =H13-G13 -> -101 | AN13: =I13-H13 -> -98 | AO13: =+AVERAGE(AI13:AN13) -> 80.666667 | AP13: =+MEDIAN(AI13:AN13) -> 128.5 | AQ13: =+(N13-M13)/M13 -> 0.17886179 | AR13: =+(O13-N13)/N13 -> 0.04137931 | AS13: =+(P13-O13)/O13 -> 0.15761589 | AT13: =+(Q13-P13)/P13 -> 0.060640732 | AU13: =+(R13-Q13)/Q13 -> -0.049622438 | AV13: =+(S13-R13)/R13 -> -0.038592509 | AW13: =+AVERAGE(AQ13:AV13) -> 0.058380463 | AX13: =+MEDIAN(AQ13:AV13) -> 0.051010021 | AY13: =N13-M13 -> 110 | AZ13: =O13-N13 -> 30 | BA13: =P13-O13 -> 119 | BB13: =Q13-P13 -> 53 | BC13: =R13-Q13 -> -46 | BD13: =S13-R13 -> -34 | BE13: =+AVERAGE(AY13:BD13) -> 38.666667 | BF13: =MEDIAN(AY13:BD13) -> 41.5 | BG13: =+(U13-T13)/T13 -> 0.22222222 | BH13: =+(V13-U13)/U13 -> 0.060606061 | BI13: =+(W13-V13)/V13 -> 0.096598639 | BJ13: =+(X13-W13)/W13 -> 0.16377171 | BK13: =+(Y13-X13)/X13 -> -0.058635394 | BL13: =+(Z13-Y13)/Y13 -> -0.072480181 | BM13: =+AVERAGE(BG13:BL13) -> 0.06868051 | BN13: =MEDIAN(BG13:BL13) -> 0.07860235 | BO13: =+U13-T13 -> 126 | BP13: =+V13-U13 -> 42 | BQ13: =+W13-V13 -> 71 | BR13: =+X13-W13 -> 132 | BS13: =+Y13-X13 -> -55 | BT13: =+Z13-Y13 -> -64 | BU13: =+AVERAGE(BO13:BT13) -> 42 | BV13: =MEDIAN(BO13:BT13) -> 56.5
... A26: 88 | B26: =_xlfn.XLOOKUP(Tabla10[[#This Row],[prov_res]],Hoja1!$A$34:$A$60,Hoja1!$B$34:$B$60,"",0) -> Zonas no delimitadas (código especial) | C26: 33 | D26: 37 | E26: 35 | F26: 8 | G26: 11 | H26: 19 | I26: 23 | J26: =+SUM(Tabla10[[#This Row],[2017]:[2023]]) -> 166 | K26: =+AVERAGE(Tabla10[[#This Row],[2017]:[suma]]) -> 41.5 | L26: =+MEDIAN(Tabla10[[#This Row],[2017]:[suma]]) -> 28 | M26: 23 | N26: 18 | O26: 24 | P26: 4 | Q26: 7 | R26: 13 | S26: 19 | T26: 10 | U26: 19 | V26: 11 | W26: 4 | X26: 4 | Y26: 6 | Z26: 4 | AA26: =+(D26-C26)/C26 -> 0.12121212 | AB26: =+(E26-D26)/D26 -> -0.054054054 | AC26: =+(F26-E26)/E26 -> -0.77142857 | AD26: =+(G26-F26)/F26 -> 0.375 | AE26: =+(H26-G26)/G26 -> 0.72727273 | AF26: =+(I26-H26)/H26 -> 0.21052632 | AG26: =+AVERAGE(AA26:AF26) -> 0.10142142 | AH26: =MEDIAN(AA26:AF26) -> 0.16586922 | AI26: =D26-C26 -> 4 | AJ26: =E26-D26 -> -2 | AK26: =F26-E26 -> -27 | AL26: =G26-F26 -> 3 | AM26: =H26-G26 -> 8 | AN26: =I26-H26 -> 4 | AO26: =+AVERAGE(AI26:AN26) -> -1.6666667 | AP26: =+MEDIAN(AI26:AN26) -> 3.5 | AQ26: =+(N26-M26)/M26 -> -0.2173913 | AR26: =+(O26-N26)/N26 -> 0.33333333 | AS26: =+(P26-O26)/O26 -> -0.83333333 | AT26: =+(Q26-P26)/P26 -> 0.75 | AU26: =+(R26-Q26)/Q26 -> 0.85714286 | AV26: =+(S26-R26)/R26 -> 0.46153846 | AW26: =+AVERAGE(AQ26:AV26) -> 0.225215 | AX26: =+MEDIAN(AQ26:AV26) -> 0.3974359 | AY26: =N26-M26 -> -5 | AZ26: =O26-N26 -> 6 | BA26: =P26-O26 -> -20 | BB26: =Q26-P26 -> 3 | BC26: =R26-Q26 -> 6 | BD26: =S26-R26 -> 6 | BE26: =+AVERAGE(AY26:BD26) -> -0.66666667 | BF26: =MEDIAN(AY26:BD26) -> 4.5 | BG26: =+(U26-T26)/T26 -> 0.9 | BH26: =+(V26-U26)/U26 -> -0.42105263 | BI26: =+(W26-V26)/V26 -> -0.63636364 | BJ26: =+(X26-W26)/W26 -> 0 | BK26: =+(Y26-X26)/X26 -> 0.5 | BL26: =+(Z26-Y26)/Y26 -> -0.33333333 | BM26: =+AVERAGE(BG26:BL26) -> 0.0015417331 | BN26: =MEDIAN(BG26:BL26) -> -0.16666667 | BO26: =+U26-T26 -> 9 | BP26: =+V26-U26 -> -8 | BQ26: =+W26-V26 -> -7 | BR26: =+X26-W26 -> 0 | BS26: =+Y26-X26 -> 2 | BT26: =+Z26-Y26 -> -2 | BU26: =+AVERAGE(BO26:BT26) -> -1 | BV26: =MEDIAN(BO26:BT26) -> -1
A27: 90 | B27: =_xlfn.XLOOKUP(Tabla10[[#This Row],[prov_res]],Hoja1!$A$34:$A$60,Hoja1!$B$34:$B$60,"",0) -> Zonas no delimitadas (código especial) | C27: 1 | J27: =+SUM(Tabla10[[#This Row],[2017]:[2023]]) -> 1 | K27: =+AVERAGE(Tabla10[[#This Row],[2017]:[suma]]) -> 1 | L27: =+MEDIAN(Tabla10[[#This Row],[2017]:[suma]]) -> 1 | M27: 1 | AA27: =+(D27-C27)/C27 -> -1 | AB27: =+(E27-D27)/D27 -> #DIV/0! | AC27: =+(F27-E27)/E27 -> #DIV/0! | AD27: =+(G27-F27)/F27 -> #DIV/0! | AE27: =+(H27-G27)/G27 -> #DIV/0! | AF27: =+(I27-H27)/H27 -> #DIV/0! | AG27: =+AVERAGE(AA27:AF27) -> #DIV/0! | AH27: =MEDIAN(AA27:AF27) -> #DIV/0! | AI27: =D27-C27 -> -1 | AJ27: =E27-D27 -> 0 | AK27: =F27-E27 -> 0 | AL27: =G27-F27 -> 0 | AM27: =H27-G27 -> 0 | AN27: =I27-H27 -> 0 | AO27: =+AVERAGE(AI27:AN27) -> -0.16666667 | AP27: =+MEDIAN(AI27:AN27) -> 0 | AQ27: =+(N27-M27)/M27 -> -1 | AR27: =+(O27-N27)/N27 -> #DIV/0! | AS27: =+(P27-O27)/O27 -> #DIV/0! | AT27: =+(Q27-P27)/P27 -> #DIV/0! | AU27: =+(R27-Q27)/Q27 -> #DIV/0! | AV27: =+(S27-R27)/R27 -> #DIV/0! | AW27: =+AVERAGE(AQ27:AV27) -> #DIV/0! | AX27: =+MEDIAN(AQ27:AV27) -> #DIV/0! | AY27: =N27-M27 -> -1 | AZ27: =O27-N27 -> 0 | BA27: =P27-O27 -> 0 | BB27: =Q27-P27 -> 0 | BC27: =R27-Q27 -> 0 | BD27: =S27-R27 -> 0 | BE27: =+AVERAGE(AY27:BD27) -> -0.16666667 | BF27: =MEDIAN(AY27:BD27) -> 0 | BG27: =+(U27-T27)/T27 -> #DIV/0! | BH27: =+(V27-U27)/U27 -> #DIV/0! | BI27: =+(W27-V27)/V27 -> #DIV/0! | BJ27: =+(X27-W27)/W27 -> #DIV/0! | BK27: =+(Y27-X27)/X27 -> #DIV/0! | BL27: =+(Z27-Y27)/Y27 -> #DIV/0! | BM27: =+AVERAGE(BG27:BL27) -> #DIV/0! | BN27: =MEDIAN(BG27:BL27) -> #DIV/0! | BO27: =+U27-T27 -> 0 | BP27: =+V27-U27 -> 0 | BQ27: =+W27-V27 -> 0 | BR27: =+X27-W27 -> 0 | BS27: =+Y27-X27 -> 0 | BT27: =+Z27-Y27 -> 0 | BU27: =+AVERAGE(BO27:BT27) -> 0 | BV27: =MEDIAN(BO27:BT27) -> 0
C28: =SUBTOTAL(109,Tabla10[2017]) -> 51750 | D28: =SUBTOTAL(109,Tabla10[2018]) -> 53044 | E28: =SUBTOTAL(109,Tabla10[2019]) -> 55469 | F28: =SUBTOTAL(109,Tabla10[2020]) -> 73732 | G28: =SUBTOTAL(109,Tabla10[2021]) -> 64945 | H28: =SUBTOTAL(109,Tabla10[2022]) -> 65325 | I28: =SUBTOTAL(109,Tabla10[2023]) -> 63161
J33: 9 | K33: -0.0070918958
J34: 17 | K34: 0.0048383745
J35: 13 | K35: 0.033582245
J36: 12 | K36: 0.0086322959
J37: 1 | K37: 0.038844508
J38: 7 | K38: 0.038800266
J39: 18 | K39: 0.011041773
J40: 11 | K40: 0.023176861
J41: 6 | K41: -0.012240074
J42: 10 | K42: 0.041699629
J43: 23 | K43: 0.024176997
J44: 5 | K44: 0.080447394
... J55: 15 | K55: 0.046836651

Sheet Nivel de intrucción
A1: niv_inst | B1: 2017 | C1: Hombres_2017 | D1: Mujeres_2017 | E1: 2018 | F1: Hombres_2018 | G1: Mujeres_2018 | H1: 2019 | I1: Hombres_2019 | J1: Mujeres_2019 | K1: 2020 | L1: Hombres_2020 | M1: Mujeres_2020 | N1: 2021 | O1: Hombres_2021 | P1: Mujeres_2021 | Q1: 2022 | R1: Hombres_2022 | S1: Mujeres_2022 | T1: 2023 | U1: Hombres_2023 | V1: Mujeres_2023
A2: 2 | B2: 18413 | C2: 9752 | D2: 8661 | E2: 16150 | F2: 8434 | G2: 7716 | H2: 14788 | I2: 7748 | J2: 7040 | K2: 16355 | L2: 8836 | M2: 7519 | N2: 14368 | O2: 7684 | P2: 6684 | Q2: 15972 | R2: 8328 | S2: 7644 | T2: 12330 | U2: 6460 | V2: 5870
A3: 0 | B3: 9228 | C3: 3718 | D3: 5510 | E3: 9461 | F3: 3772 | G3: 5689 | H3: 9894 | I3: 3944 | J3: 5950 | K3: 12635 | L3: 5368 | M3: 7267 | N3: 13042 | O3: 5317 | P3: 7725 | Q3: 11845 | R3: 4751 | S3: 7094 | T3: 11015 | U3: 4447 | V3: 6568
A4: 4 | B4: 6973 | C4: 3829 | D4: 3144 | E4: 10449 | F4: 5732 | G4: 4717 | H4: 11705 | I4: 6412 | J4: 5293 | K4: 6527 | L4: 3562 | M4: 2965 | N4: 12533 | O4: 6770 | P4: 5763 | Q4: 5388 | R4: 2778 | S4: 2610 | T4: 4335 | U4: 2310 | V4: 2025
A5: 3 | B5: 5170 | C5: 2623 | D5: 2547 | E5: 4581 | F5: 2340 | G5: 2241 | H5: 5189 | I5: 2638 | J5: 2551 | K5: 19337 | L5: 11168 | M5: 8169 | N5: 16971 | O5: 9349 | P5: 7622 | Q5: 16691 | R5: 9069 | S5: 7622 | T5: 18401 | U5: 9839 | V5: 8562
A6: 9 | B6: 3188 | C6: 1570 | D6: 1618 | E6: 2949 | F6: 1504 | G6: 1445 | H6: 3775 | I6: 2020 | J6: 1755 | K6: 4783 | L6: 2770 | M6: 2013 | N6: 2360 | O6: 1357 | P6: 1003 | Q6: 3285 | R6: 1794 | S6: 1491 | T6: 4078 | U6: 2242 | V6: 1836
A7: 5 | B7: 3053 | C7: 1691 | D7: 1362 | E7: 4167 | F7: 2274 | G7: 1893 | H7: 4496 | I7: 2472 | J7: 2024 | K7: 6909 | L7: 4074 | M7: 2835 | N7: 373 | O7: 232 | P7: 141 | Q7: 5912 | R7: 3144 | S7: 2768 | T7: 6794 | U7: 3665 | V7: 3129
A8: 7 | B8: 2778 | C8: 1854 | D8: 924 | E8: 2688 | F8: 1745 | G8: 943 | H8: 2691 | I8: 1746 | J8: 945 | K8: 3666 | L8: 2470 | M8: 1196 | N8: 3464 | O8: 2260 | P8: 1204 | Q8: 3458 | R8: 2207 | S8: 1251 | T8: 3499 | U8: 2073 | V8: 1426
B9: 1653 | C9: 893 | D9: 760 | E9: 1624 | F9: 861 | G9: 763 | H9: 1616 | I9: 863 | J9: 753 | K9: 1139 | L9: 605 | M9: 534 | N9: 531 | O9: 294 | P9: 237 | Q9: 1333 | R9: 680 | S9: 653 | T9: 1304 | U9: 700 | V9: 604
A10: 1 | B10: 927 | C10: 499 | D10: 428 | E10: 539 | F10: 267 | G10: 272 | H10: 696 | I10: 352 | J10: 344 | K10: 1102 | L10: 606 | M10: 496 | N10: 757 | O10: 407 | P10: 350 | Q10: 836 | R10: 449 | S10: 387 | T10: 720 | U10: 350 | V10: 370
A11: 6 | B11: 282 | C11: 174 | D11: 108 | E11: 315 | F11: 203 | G11: 112 | H11: 479 | I11: 293 | J11: 186 | K11: 1155 | L11: 723 | M11: 432 | N11: 462 | O11: 287 | P11: 175 | Q11: 484 | R11: 297 | S11: 187 | T11: 541 | U11: 328 | V11: 213
A12: 8 | B12: 85 | C12: 72 | D12: 13 | E12: 121 | F12: 65 | G12: 56 | H12: 140 | I12: 107 | J12: 33 | K12: 124 | L12: 101 | M12: 23 | N12: 84 | O12: 55 | P12: 29 | Q12: 121 | R12: 86 | S12: 35 | T12: 144 | U12: 99 | V12: 45

Sheet TDNIVEL_INSTRUCCIÓN
A1: niv_inst | B1: 2017 | C1: 2018 | D1: 2019 | E1: 2020 | F1: 2021 | G1: 2022 | H1: 2023 | I1: Hombres_2017 | J1: Hombres_2018 | K1: Hombres_2019 | L1: Hombres_2020 | M1: Hombres_2021 | N1: Hombres_2022 | O1: Hombres_2023 | P1: Mujeres_2017 | Q1: Mujeres_2018 | R1: Mujeres_2019 | S1: Mujeres_2020 | T1: Mujeres_2021 | U1: Mujeres_2022 | V1: Mujeres_2023 | W1: VAR_AÑO1 | X1: VAR_AÑO2 | Y1: VAR_AÑO3 | Z1: VAR_AÑO4 | AA1: VAR_AÑO5 | AB1: VAR_AÑO6 | AC1: PROMEDIO | AD1: MEDIA | AE1: VARAB_AÑO1 | AF1: VARAB_AÑO2 | AG1: VARAB_AÑO3 | AH1: VARAB_AÑO4 | AI1: VARAB_AÑO5 | AJ1: VARAB_AÑO6 | AK1: PROMEDIO2 | AL1: MEDIA2 | AM1: VARH_AÑO1 | AN1: VARH_AÑO2 | AO1: VARH_AÑO3 | AP1: VARH_AÑO4 | AQ1: VARH_AÑO5 | AR1: VARH_AÑO6 | AS1: PROMEDIO3 | AT1: MEDIA3 | AU1: VARAH_AÑO1 | AV1: VARAH_AÑO2 | AW1: VARAH_AÑO3 | AX1: VARAH_AÑO4 | AY1: VARAH_AÑO5 | AZ1: VARAH_AÑO6 | BA1: PROMEDIO4 | BB1: MEDIA4 | BC1: VARM_AÑO1 | BD1: VARM_AÑO2 | BE1: VARM_AÑO3 | BF1: VARM_AÑO4 | BG1: VARM_AÑO5 | BH1: VARM_AÑO6 | BI1: PROMEDIO5 | BJ1: MEDIANA | BK1: VARAM_AÑO1 | BL1: VARAM_AÑO2 | BM1: VARAM_AÑO3 | BN1: VARAM_AÑO4 | BO1: VARAM_AÑO5 | BP1: VARAM_AÑO6 | BQ1: PROMEDIO6 | BR1: MEDIA5
A2: 2 | B2: 18413 | C2: 16150 | D2: 14788 | E2: 16355 | F2: 14368 | G2: 15972 | H2: 12330 | I2: 9752 | J2: 8434 | K2: 7748 | L2: 8836 | M2: 7684 | N2: 8328 | O2: 6460 | P2: 8661 | Q2: 7716 | R2: 7040 | S2: 7519 | T2: 6684 | U2: 7644 | V2: 5870 | W2: =+(C2-B2)/B2 -> -0.1229023 | X2: =+(D2-C2)/C2 -> -0.084334365 | Y2: =+(E2-D2)/D2 -> 0.1059643 | Z2: =+(F2-E2)/E2 -> -0.1214919 | AA2: =+(G2-F2)/F2 -> 0.11163697 | AB2: =+(H2-G2)/G2 -> -0.22802404 | AC2: =+AVERAGE(W2:AB2) -> -0.056525223 | AD2: =MEDIAN(W2:AB2) -> -0.10291313 | AE2: =C2-B2 -> -2263 | AF2: =D2-C2 -> -1362 | AG2: =E2-D2 -> 1567 | AH2: =F2-E2 -> -1987 | AI2: =G2-F2 -> 1604 | AJ2: =H2-G2 -> -3642 | AK2: =+AVERAGE(AE2:AJ2) -> -1013.8333 | AL2: =+MEDIAN(AE2:AJ2) -> -1674.5 | AM2: =+(J2-I2)/I2 -> -0.13515176 | AN2: =+(K2-J2)/J2 -> -0.081337444 | AO2: =+(L2-K2)/K2 -> 0.14042334 | AP2: =+(M2-L2)/L2 -> -0.13037574 | AQ2: =+(N2-M2)/M2 -> 0.083810515 | AR2: =+(O2-N2)/N2 -> -0.22430355 | AS2: =+AVERAGE(AM2:AR2) -> -0.057822441 | AT2: =+MEDIAN(AM2:AR2) -> -0.10585659 | AU2: =J2-I2 -> -1318 | AV2: =K2-J2 -> -686 | AW2: =L2-K2 -> 1088 | AX2: =M2-L2 -> -1152 | AY2: =N2-M2 -> 644 | AZ2: =O2-N2 -> -1868 | BA2: =+AVERAGE(AU2:AZ2) -> -548.66667 | BB2: =MEDIAN(AU2:AZ2) -> -919 | BC2: =+(Q2-P2)/P2 -> -0.1091098 | BD2: =+(R2-Q2)/Q2 -> -0.087610161 | BE2: =+(S2-R2)/R2 -> 0.068039773 | BF2: =+(T2-S2)/S2 -> -0.111052 | BG2: =+(U2-T2)/T2 -> 0.14362657 | BH2: =+(V2-U2)/U2 -> -0.23207745 | BI2: =+AVERAGE(BC2:BH2) -> -0.054697178 | BJ2: =MEDIAN(BC2:BH2) -> -0.098359982 | BK2: =+Q2-P2 -> -945 | BL2: =+R2-Q2 -> -676 | BM2: =+S2-R2 -> 479 | BN2: =+T2-S2 -> -835 | BO2: =+U2-T2 -> 960 | BP2: =+V2-U2 -> -1774 | BQ2: =+AVERAGE(BK2:BP2) -> -465.16667 | BR2: =MEDIAN(BK2:BP2) -> -755.5
A3: 0 | B3: 9228 | C3: 9461 | D3: 9894 | E3: 12635 | F3: 13042 | G3: 11845 | H3: 11015 | I3: 3718 | J3: 3772 | K3: 3944 | L3: 5368 | M3: 5317 | N3: 4751 | O3: 4447 | P3: 5510 | Q3: 5689 | R3: 5950 | S3: 7267 | T3: 7725 | U3: 7094 | V3: 6568 | W3: =+(C3-B3)/B3 -> 0.025249241 | X3: =+(D3-C3)/C3 -> 0.045766832 | Y3: =+(E3-D3)/D3 -> 0.27703659 | Z3: =+(F3-E3)/E3 -> 0.032212109 | AA3: =+(G3-F3)/F3 -> -0.091780402 | AB3: =+(H3-G3)/G3 -> -0.07007176 | AC3: =+AVERAGE(W3:AB3) -> 0.036402101 | AD3: =MEDIAN(W3:AB3) -> 0.028730675 | AE3: =C3-B3 -> 233 | AF3: =D3-C3 -> 433 | AG3: =E3-D3 -> 2741 | AH3: =F3-E3 -> 407 | AI3: =G3-F3 -> -1197 | AJ3: =H3-G3 -> -830 | AK3: =+AVERAGE(AE3:AJ3) -> 297.83333 | AL3: =+MEDIAN(AE3:AJ3) -> 320 | AM3: =+(J3-I3)/I3 -> 0.014523938 | AN3: =+(K3-J3)/J3 -> 0.045599152 | AO3: =+(L3-K3)/K3 -> 0.36105477 | AP3: =+(M3-L3)/L3 -> -0.0095007452 | AQ3: =+(N3-M3)/M3 -> -0.10645101 | AR3: =+(O3-N3)/N3 -> -0.063986529 | AS3: =+AVERAGE(AM3:AR3) -> 0.040206596 | AT3: =+MEDIAN(AM3:AR3) -> 0.0025115962 | AU3: =J3-I3 -> 54 | AV3: =K3-J3 -> 172 | AW3: =L3-K3 -> 1424 | AX3: =M3-L3 -> -51 | AY3: =N3-M3 -> -566 | AZ3: =O3-N3 -> -304 | BA3: =+AVERAGE(AU3:AZ3) -> 121.5 | BB3: =MEDIAN(AU3:AZ3) -> 1.5 | BC3: =+(Q3-P3)/P3 -> 0.032486388 | BD3: =+(R3-Q3)/Q3 -> 0.04587801 | BE3: =+(S3-R3)/R3 -> 0.22134454 | BF3: =+(T3-S3)/S3 -> 0.063024632 | BG3: =+(U3-T3)/T3 -> -0.081682848 | BH3: =+(V3-U3)/U3 -> -0.074147167 | BI3: =+AVERAGE(BC3:BH3) -> 0.034483926 | BJ3: =MEDIAN(BC3:BH3) -> 0.039182199 | BK3: =+Q3-P3 -> 179 | BL3: =+R3-Q3 -> 261 | BM3: =+S3-R3 -> 1317 | BN3: =+T3-S3 -> 458 | BO3: =+U3-T3 -> -631 | BP3: =+V3-U3 -> -526 | BQ3: =+AVERAGE(BK3:BP3) -> 176.33333 | BR3: =MEDIAN(BK3:BP3) -> 220
A4: 4 | B4: 6973 | C4: 10449 | D4: 11705 | E4: 6527 | F4: 12533 | G4: 5388 | H4: 4335 | I4: 3829 | J4: 5732 | K4: 6412 | L4: 3562 | M4: 6770 | N4: 2778 | O4: 2310 | P4: 3144 | Q4: 4717 | R4: 5293 | S4: 2965 | T4: 5763 | U4: 2610 | V4: 2025 | W4: =+(C4-B4)/B4 -> 0.49849419 | X4: =+(D4-C4)/C4 -> 0.12020289 | Y4: =+(E4-D4)/D4 -> -0.44237505 | Z4: =+(F4-E4)/E4 -> 0.92017772 | AA4: =+(G4-F4)/F4 -> -0.57009495 | AB4: =+(H4-G4)/G4 -> -0.1954343 | AC4: =+AVERAGE(W4:AB4) -> 0.055161751 | AD4: =MEDIAN(W4:AB4) -> -0.037615704 | AE4: =C4-B4 -> 3476 | AF4: =D4-C4 -> 1256 | AG4: =E4-D4 -> -5178 | AH4: =F4-E4 -> 6006 | AI4: =G4-F4 -> -7145 | AJ4: =H4-G4 -> -1053 | AK4: =+AVERAGE(AE4:AJ4) -> -439.66667 | AL4: =+MEDIAN(AE4:AJ4) -> 101.5 | AM4: =+(J4-I4)/I4 -> 0.4969966 | AN4: =+(K4-J4)/J4 -> 0.11863224 | AO4: =+(L4-K4)/K4 -> -0.4444791 | AP4: =+(M4-L4)/L4 -> 0.90061763 | AQ4: =+(N4-M4)/M4 -> -0.58966027 | AR4: =+(O4-N4)/N4 -> -0.16846652 | AS4: =+AVERAGE(AM4:AR4) -> 0.052273431 | AT4: =+MEDIAN(AM4:AR4) -> -0.024917141 | AU4: =J4-I4 -> 1903 | AV4: =K4-J4 -> 680 | AW4: =L4-K4 -> -2850 | AX4: =M4-L4 -> 3208 | AY4: =N4-M4 -> -3992 | AZ4: =O4-N4 -> -468 | BA4: =+AVERAGE(AU4:AZ4) -> -253.16667 | BB4: =MEDIAN(AU4:AZ4) -> 106 | BC4: =+(Q4-P4)/P4 -> 0.50031807 | BD4: =+(R4-Q4)/Q4 -> 0.12211151 | BE4: =+(S4-R4)/R4 -> -0.43982619 | BF4: =+(T4-S4)/S4 -> 0.94367622 | BG4: =+(U4-T4)/T4 -> -0.54711088 | BH4: =+(V4-U4)/U4 -> -0.22413793 | BI4: =+AVERAGE(BC4:BH4) -> 0.059171801 | BJ4: =MEDIAN(BC4:BH4) -> -0.05101321 | BK4: =+Q4-P4 -> 1573 | BL4: =+R4-Q4 -> 576 | BM4: =+S4-R4 -> -2328 | BN4: =+T4-S4 -> 2798 | BO4: =+U4-T4 -> -3153 | BP4: =+V4-U4 -> -585 | BQ4: =+AVERAGE(BK4:BP4) -> -186.5 | BR4: =MEDIAN(BK4:BP4) -> -4.5
A5: 3 | B5: 5170 | C5: 4581 | D5: 5189 | E5: 19337 | F5: 16971 | G5: 16691 | H5: 18401 | I5: 2623 | J5: 2340 | K5: 2638 | L5: 11168 | M5: 9349 | N5: 9069 | O5: 9839 | P5: 2547 | Q5: 2241 | R5: 2551 | S5: 8169 | T5: 7622 | U5: 7622 | V5: 8562 | W5: =+(C5-B5)/B5 -> -0.1139265 | X5: =+(D5-C5)/C5 -> 0.13272211 | Y5: =+(E5-D5)/D5 -> 2.7265369 | Z5: =+(F5-E5)/E5 -> -0.1223561 | AA5: =+(G5-F5)/F5 -> -0.016498733 | AB5: =+(H5-G5)/G5 -> 0.10245042 | AC5: =+AVERAGE(W5:AB5) -> 0.45148802 | AD5: =MEDIAN(W5:AB5) -> 0.042975845 | AE5: =C5-B5 -> -589 | AF5: =D5-C5 -> 608 | AG5: =E5-D5 -> 14148 | AH5: =F5-E5 -> -2366 | AI5: =G5-F5 -> -280 | AJ5: =H5-G5 -> 1710 | AK5: =+AVERAGE(AE5:AJ5) -> 2205.1667 | AL5: =+MEDIAN(AE5:AJ5) -> 164 | AM5: =+(J5-I5)/I5 -> -0.10789173 | AN5: =+(K5-J5)/J5 -> 0.12735043 | AO5: =+(L5-K5)/K5 -> 3.2335102 | AP5: =+(M5-L5)/L5 -> -0.16287607 | AQ5: =+(N5-M5)/M5 -> -0.029949727 | AR5: =+(O5-N5)/N5 -> 0.08490462 | AS5: =+AVERAGE(AM5:AR5) -> 0.52417463 | AT5: =+MEDIAN(AM5:AR5) -> 0.027477446 | AU5: =J5-I5 -> -283 | AV5: =K5-J5 -> 298 | AW5: =L5-K5 -> 8530 | AX5: =M5-L5 -> -1819 | AY5: =N5-M5 -> -280 | AZ5: =O5-N5 -> 770 | BA5: =+AVERAGE(AU5:AZ5) -> 1202.6667 | BB5: =MEDIAN(AU5:AZ5) -> 9 | BC5: =+(Q5-P5)/P5 -> -0.12014134 | BD5: =+(R5-Q5)/Q5 -> 0.1383311 | BE5: =+(S5-R5)/R5 -> 2.2022736 | BF5: =+(T5-S5)/S5 -> -0.06696046 | BG5: =+(U5-T5)/T5 -> 0 | BH5: =+(V5-U5)/U5 -> 0.12332721 | BI5: =+AVERAGE(BC5:BH5) -> 0.37947169 | BJ5: =MEDIAN(BC5:BH5) -> 0.061663605 | BK5: =+Q5-P5 -> -306 | BL5: =+R5-Q5 -> 310 | BM5: =+S5-R5 -> 5618 | BN5: =+T5-S5 -> -547 | BO5: =+U5-T5 -> 0 | BP5: =+V5-U5 -> 940 | BQ5: =+AVERAGE(BK5:BP5) -> 1002.5 | BR5: =MEDIAN(BK5:BP5) -> 155
A6: 9 | B6: 3188 | C6: 2949 | D6: 3775 | E6: 4783 | F6: 2360 | G6: 3285 | H6: 4078 | I6: 1570 | J6: 1504 | K6: 2020 | L6: 2770 | M6: 1357 | N6: 1794 | O6: 2242 | P6: 1618 | Q6: 1445 | R6: 1755 | S6: 2013 | T6: 1003 | U6: 1491 | V6: 1836 | W6: =+(C6-B6)/B6 -> -0.074968632 | X6: =+(D6-C6)/C6 -> 0.28009495 | Y6: =+(E6-D6)/D6 -> 0.26701987 | Z6: =+(F6-E6)/E6 -> -0.50658582 | AA6: =+(G6-F6)/F6 -> 0.39194915 | AB6: =+(H6-G6)/G6 -> 0.2414003 | AC6: =+AVERAGE(W6:AB6) -> 0.099818302 | AD6: =MEDIAN(W6:AB6) -> 0.25421009 | AE6: =C6-B6 -> -239 | AF6: =D6-C6 -> 826 | AG6: =E6-D6 -> 1008 | AH6: =F6-E6 -> -2423 | AI6: =G6-F6 -> 925 | AJ6: =H6-G6 -> 793 | AK6: =+AVERAGE(AE6:AJ6) -> 148.33333 | AL6: =+MEDIAN(AE6:AJ6) -> 809.5 | AM6: =+(J6-I6)/I6 -> -0.042038217 | AN6: =+(K6-J6)/J6 -> 0.34308511 | AO6: =+(L6-K6)/K6 -> 0.37128713 | AP6: =+(M6-L6)/L6 -> -0.5101083 | AQ6: =+(N6-M6)/M6 -> 0.3220339 | AR6: =+(O6-N6)/N6 -> 0.24972129 | AS6: =+AVERAGE(AM6:AR6) -> 0.12233015 | AT6: =+MEDIAN(AM6:AR6) -> 0.2858776 | AU6: =J6-I6 -> -66 | AV6: =K6-J6 -> 516 | AW6: =L6-K6 -> 750 | AX6: =M6-L6 -> -1413 | AY6: =N6-M6 -> 437 | AZ6: =O6-N6 -> 448 | BA6: =+AVERAGE(AU6:AZ6) -> 112 | BB6: =MEDIAN(AU6:AZ6) -> 442.5 | BC6: =+(Q6-P6)/P6 -> -0.10692213 | BD6: =+(R6-Q6)/Q6 -> 0.21453287 | BE6: =+(S6-R6)/R6 -> 0.14700855 | BF6: =+(T6-S6)/S6 -> -0.5017387 | BG6: =+(U6-T6)/T6 -> 0.48654038 | BH6: =+(V6-U6)/U6 -> 0.23138833 | BI6: =+AVERAGE(BC6:BH6) -> 0.078468217 | BJ6: =MEDIAN(BC6:BH6) -> 0.18077071 | BK6: =+Q6-P6 -> -173 | BL6: =+R6-Q6 -> 310 | BM6: =+S6-R6 -> 258 | BN6: =+T6-S6 -> -1010 | BO6: =+U6-T6 -> 488 | BP6: =+V6-U6 -> 345 | BQ6: =+AVERAGE(BK6:BP6) -> 36.333333 | BR6: =MEDIAN(BK6:BP6) -> 284
A7: 5 | B7: 3053 | C7: 4167 | D7: 4496 | E7: 6909 | F7: 373 | G7: 5912 | H7: 6794 | I7: 1691 | J7: 2274 | K7: 2472 | L7: 4074 | M7: 232 | N7: 3144 | O7: 3665 | P7: 1362 | Q7: 1893 | R7: 2024 | S7: 2835 | T7: 141 | U7: 2768 | V7: 3129 | W7: =+(C7-B7)/B7 -> 0.364887 | X7: =+(D7-C7)/C7 -> 0.078953684 | Y7: =+(E7-D7)/D7 -> 0.53669929 | Z7: =+(F7-E7)/E7 -> -0.94601245 | AA7: =+(G7-F7)/F7 -> 14.849866 | AB7: =+(H7-G7)/G7 -> 0.14918809 | AC7: =+AVERAGE(W7:AB7) -> 2.5055969 | AD7: =MEDIAN(W7:AB7) -> 0.25703754 | AE7: =C7-B7 -> 1114 | AF7: =D7-C7 -> 329 | AG7: =E7-D7 -> 2413 | AH7: =F7-E7 -> -6536 | AI7: =G7-F7 -> 5539 | AJ7: =H7-G7 -> 882 | AK7: =+AVERAGE(AE7:AJ7) -> 623.5 | AL7: =+MEDIAN(AE7:AJ7) -> 998 | AM7: =+(J7-I7)/I7 -> 0.34476641 | AN7: =+(K7-J7)/J7 -> 0.08707124 | AO7: =+(L7-K7)/K7 -> 0.64805825 | AP7: =+(M7-L7)/L7 -> -0.94305351 | AQ7: =+(N7-M7)/M7 -> 12.551724 | AR7: =+(O7-N7)/N7 -> 0.16571247 | AS7: =+AVERAGE(AM7:AR7) -> 2.1423798 | AT7: =+MEDIAN(AM7:AR7) -> 0.25523944 | AU7: =J7-I7 -> 583 | AV7: =K7-J7 -> 198 | AW7: =L7-K7 -> 1602 | AX7: =M7-L7 -> -3842 | AY7: =N7-M7 -> 2912 | AZ7: =O7-N7 -> 521 | BA7: =+AVERAGE(AU7:AZ7) -> 329 | BB7: =MEDIAN(AU7:AZ7) -> 552 | BC7: =+(Q7-P7)/P7 -> 0.38986784 | BD7: =+(R7-Q7)/Q7 -> 0.069202324 | BE7: =+(S7-R7)/R7 -> 0.4006917 | BF7: =+(T7-S7)/S7 -> -0.95026455 | BG7: =+(U7-T7)/T7 -> 18.631206 | BH7: =+(V7-U7)/U7 -> 0.13041908 | BI7: =+AVERAGE(BC7:BH7) -> 3.1118537 | BJ7: =MEDIAN(BC7:BH7) -> 0.26014346 | BK7: =+Q7-P7 -> 531 | BL7: =+R7-Q7 -> 131 | BM7: =+S7-R7 -> 811 | BN7: =+T7-S7 -> -2694 | BO7: =+U7-T7 -> 2627 | BP7: =+V7-U7 -> 361 | BQ7: =+AVERAGE(BK7:BP7) -> 294.5 | BR7: =MEDIAN(BK7:BP7) -> 446
A8: 7 | B8: 2778 | C8: 2688 | D8: 2691 | E8: 3666 | F8: 3464 | G8: 3458 | H8: 3499 | I8: 1854 | J8: 1745 | K8: 1746 | L8: 2470 | M8: 2260 | N8: 2207 | O8: 2073 | P8: 924 | Q8: 943 | R8: 945 | S8: 1196 | T8: 1204 | U8: 1251 | V8: 1426 | W8: =+(C8-B8)/B8 -> -0.032397408 | X8: =+(D8-C8)/C8 -> 0.0011160714 | Y8: =+(E8-D8)/D8 -> 0.36231884 | Z8: =+(F8-E8)/E8 -> -0.055100927 | AA8: =+(G8-F8)/F8 -> -0.0017321016 | AB8: =+(H8-G8)/G8 -> 0.011856564 | AC8: =+AVERAGE(W8:AB8) -> 0.04767684 | AD8: =MEDIAN(W8:AB8) -> -0.00030801509 | AE8: =C8-B8 -> -90 | AF8: =D8-C8 -> 3 | AG8: =E8-D8 -> 975 | AH8: =F8-E8 -> -202 | AI8: =G8-F8 -> -6 | AJ8: =H8-G8 -> 41 | AK8: =+AVERAGE(AE8:AJ8) -> 120.16667 | AL8: =+MEDIAN(AE8:AJ8) -> -1.5 | AM8: =+(J8-I8)/I8 -> -0.058791802 | AN8: =+(K8-J8)/J8 -> 0.0005730659 | AO8: =+(L8-K8)/K8 -> 0.41466208 | AP8: =+(M8-L8)/L8 -> -0.085020243 | AQ8: =+(N8-M8)/M8 -> -0.023451327 | AR8: =+(O8-N8)/N8 -> -0.060715904 | AS8: =+AVERAGE(AM8:AR8) -> 0.031209312 | AT8: =+MEDIAN(AM8:AR8) -> -0.041121564 | AU8: =J8-I8 -> -109 | AV8: =K8-J8 -> 1 | AW8: =L8-K8 -> 724 | AX8: =M8-L8 -> -210 | AY8: =N8-M8 -> -53 | AZ8: =O8-N8 -> -134 | BA8: =+AVERAGE(AU8:AZ8) -> 36.5 | BB8: =MEDIAN(AU8:AZ8) -> -81 | BC8: =+(Q8-P8)/P8 -> 0.020562771 | BD8: =+(R8-Q8)/Q8 -> 0.0021208908 | BE8: =+(S8-R8)/R8 -> 0.26560847 | BF8: =+(T8-S8)/S8 -> 0.0066889632 | BG8: =+(U8-T8)/T8 -> 0.039036545 | BH8: =+(V8-U8)/U8 -> 0.13988809 | BI8: =+AVERAGE(BC8:BH8) -> 0.078984287 | BJ8: =MEDIAN(BC8:BH8) -> 0.029799658 | BK8: =+Q8-P8 -> 19 | BL8: =+R8-Q8 -> 2 | BM8: =+S8-R8 -> 251 | BN8: =+T8-S8 -> 8 | BO8: =+U8-T8 -> 47 | BP8: =+V8-U8 -> 175 | BQ8: =+AVERAGE(BK8:BP8) -> 83.666667 | BR8: =MEDIAN(BK8:BP8) -> 33
B9: 1653 | C9: 1624 | D9: 1616 | E9: 1139 | F9: 531 | G9: 1333 | H9: 1304 | I9: 893 | J9: 861 | K9: 863 | L9: 605 | M9: 294 | N9: 680 | O9: 700 | P9: 760 | Q9: 763 | R9: 753 | S9: 534 | T9: 237 | U9: 653 | V9: 604 | W9: =+(C9-B9)/B9 -> -0.01754386 | X9: =+(D9-C9)/C9 -> -0.0049261084 | Y9: =+(E9-D9)/D9 -> -0.29517327 | Z9: =+(F9-E9)/E9 -> -0.53380158 | AA9: =+(G9-F9)/F9 -> 1.5103578 | AB9: =+(H9-G9)/G9 -> -0.021755439 | AC9: =+AVERAGE(W9:AB9) -> 0.10619293 | AD9: =MEDIAN(W9:AB9) -> -0.019649649 | AE9: =C9-B9 -> -29 | AF9: =D9-C9 -> -8 | AG9: =E9-D9 -> -477 | AH9: =F9-E9 -> -608 | AI9: =G9-F9 -> 802 | AJ9: =H9-G9 -> -29 | AK9: =+AVERAGE(AE9:AJ9) -> -58.166667 | AL9: =+MEDIAN(AE9:AJ9) -> -29 | AM9: =+(J9-I9)/I9 -> -0.035834267 | AN9: =+(K9-J9)/J9 -> 0.0023228804 | AO9: =+(L9-K9)/K9 -> -0.29895713 | AP9: =+(M9-L9)/L9 -> -0.51404959 | AQ9: =+(N9-M9)/M9 -> 1.3129252 | AR9: =+(O9-N9)/N9 -> 0.029411765 | AS9: =+AVERAGE(AM9:AR9) -> 0.082636473 | AT9: =+MEDIAN(AM9:AR9) -> -0.016755693 | AU9: =J9-I9 -> -32 | AV9: =K9-J9 -> 2 | AW9: =L9-K9 -> -258 | AX9: =M9-L9 -> -311 | AY9: =N9-M9 -> 386 | AZ9: =O9-N9 -> 20 | BA9: =+AVERAGE(AU9:AZ9) -> -32.166667 | BB9: =MEDIAN(AU9:AZ9) -> -15 | BC9: =+(Q9-P9)/P9 -> 0.0039473684 | BD9: =+(R9-Q9)/Q9 -> -0.01310616 | BE9: =+(S9-R9)/R9 -> -0.29083665 | BF9: =+(T9-S9)/S9 -> -0.55617978 | BG9: =+(U9-T9)/T9 -> 1.7552743 | BH9: =+(V9-U9)/U9 -> -0.075038285 | BI9: =+AVERAGE(BC9:BH9) -> 0.13734346 | BJ9: =MEDIAN(BC9:BH9) -> -0.044072222 | BK9: =+Q9-P9 -> 3 | BL9: =+R9-Q9 -> -10 | BM9: =+S9-R9 -> -219 | BN9: =+T9-S9 -> -297 | BO9: =+U9-T9 -> 416 | BP9: =+V9-U9 -> -49 | BQ9: =+AVERAGE(BK9:BP9) -> -26 | BR9: =MEDIAN(BK9:BP9) -> -29.5
A10: 1 | B10: 927 | C10: 539 | D10: 696 | E10: 1102 | F10: 757 | G10: 836 | H10: 720 | I10: 499 | J10: 267 | K10: 352 | L10: 606 | M10: 407 | N10: 449 | O10: 350 | P10: 428 | Q10: 272 | R10: 344 | S10: 496 | T10: 350 | U10: 387 | V10: 370 | W10: =+(C10-B10)/B10 -> -0.41855448 | X10: =+(D10-C10)/C10 -> 0.29128015 | Y10: =+(E10-D10)/D10 -> 0.58333333 | Z10: =+(F10-E10)/E10 -> -0.31306715 | AA10: =+(G10-F10)/F10 -> 0.10435931 | AB10: =+(H10-G10)/G10 -> -0.13875598 | AC10: =+AVERAGE(W10:AB10) -> 0.018099198 | AD10: =MEDIAN(W10:AB10) -> -0.017198334 | AE10: =C10-B10 -> -388 | AF10: =D10-C10 -> 157 | AG10: =E10-D10 -> 406 | AH10: =F10-E10 -> -345 | AI10: =G10-F10 -> 79 | AJ10: =H10-G10 -> -116 | AK10: =+AVERAGE(AE10:AJ10) -> -34.5 | AL10: =+MEDIAN(AE10:AJ10) -> -18.5 | AM10: =+(J10-I10)/I10 -> -0.46492986 | AN10: =+(K10-J10)/J10 -> 0.31835206 | AO10: =+(L10-K10)/K10 -> 0.72159091 | AP10: =+(M10-L10)/L10 -> -0.32838284 | AQ10: =+(N10-M10)/M10 -> 0.1031941 | AR10: =+(O10-N10)/N10 -> -0.22048998 | AS10: =+AVERAGE(AM10:AR10) -> 0.021555733 | AT10: =+MEDIAN(AM10:AR10) -> -0.058647937 | AU10: =J10-I10 -> -232 | AV10: =K10-J10 -> 85 | AW10: =L10-K10 -> 254 | AX10: =M10-L10 -> -199 | AY10: =N10-M10 -> 42 | AZ10: =O10-N10 -> -99 | BA10: =+AVERAGE(AU10:AZ10) -> -24.833333 | BB10: =MEDIAN(AU10:AZ10) -> -28.5 | BC10: =+(Q10-P10)/P10 -> -0.36448598 | BD10: =+(R10-Q10)/Q10 -> 0.26470588 | BE10: =+(S10-R10)/R10 -> 0.44186047 | BF10: =+(T10-S10)/S10 -> -0.29435484 | BG10: =+(U10-T10)/T10 -> 0.10571429 | BH10: =+(V10-U10)/U10 -> -0.043927649 | BI10: =+AVERAGE(BC10:BH10) -> 0.018252027 | BJ10: =MEDIAN(BC10:BH10) -> 0.030893319 | BK10: =+Q10-P10 -> -156 | BL10: =+R10-Q10 -> 72 | BM10: =+S10-R10 -> 152 | BN10: =+T10-S10 -> -146 | BO10: =+U10-T10 -> 37 | BP10: =+V10-U10 -> -17 | BQ10: =+AVERAGE(BK10:BP10) -> -9.6666667 | BR10: =MEDIAN(BK10:BP10) -> 10
A11: 6 | B11: 282 | C11: 315 | D11: 479 | E11: 1155 | F11: 462 | G11: 484 | H11: 541 | I11: 174 | J11: 203 | K11: 293 | L11: 723 | M11: 287 | N11: 297 | O11: 328 | P11: 108 | Q11: 112 | R11: 186 | S11: 432 | T11: 175 | U11: 187 | V11: 213 | W11: =+(C11-B11)/B11 -> 0.11702128 | X11: =+(D11-C11)/C11 -> 0.52063492 | Y11: =+(E11-D11)/D11 -> 1.4112735 | Z11: =+(F11-E11)/E11 -> -0.6 | AA11: =+(G11-F11)/F11 -> 0.047619048 | AB11: =+(H11-G11)/G11 -> 0.1177686 | AC11: =+AVERAGE(W11:AB11) -> 0.26905289 | AD11: =MEDIAN(W11:AB11) -> 0.11739494 | AE11: =C11-B11 -> 33 | AF11: =D11-C11 -> 164 | AG11: =E11-D11 -> 676 | AH11: =F11-E11 -> -693 | AI11: =G11-F11 -> 22 | AJ11: =H11-G11 -> 57 | AK11: =+AVERAGE(AE11:AJ11) -> 43.166667 | AL11: =+MEDIAN(AE11:AJ11) -> 45 | AM11: =+(J11-I11)/I11 -> 0.16666667 | AN11: =+(K11-J11)/J11 -> 0.44334975 | AO11: =+(L11-K11)/K11 -> 1.4675768 | AP11: =+(M11-L11)/L11 -> -0.60304288 | AQ11: =+(N11-M11)/M11 -> 0.034843206 | AR11: =+(O11-N11)/N11 -> 0.1043771 | AS11: =+AVERAGE(AM11:AR11) -> 0.26896177 | AT11: =+MEDIAN(AM11:AR11) -> 0.13552189 | AU11: =J11-I11 -> 29 | AV11: =K11-J11 -> 90 | AW11: =L11-K11 -> 430 | AX11: =M11-L11 -> -436 | AY11: =N11-M11 -> 10 | AZ11: =O11-N11 -> 31 | BA11: =+AVERAGE(AU11:AZ11) -> 25.666667 | BB11: =MEDIAN(AU11:AZ11) -> 30 | BC11: =+(Q11-P11)/P11 -> 0.037037037 | BD11: =+(R11-Q11)/Q11 -> 0.66071429 | BE11: =+(S11-R11)/R11 -> 1.3225806 | BF11: =+(T11-S11)/S11 -> -0.59490741 | BG11: =+(U11-T11)/T11 -> 0.068571429 | BH11: =+(V11-U11)/U11 -> 0.13903743 | BI11: =+AVERAGE(BC11:BH11) -> 0.27217224 | BJ11: =MEDIAN(BC11:BH11) -> 0.10380443 | BK11: =+Q11-P11 -> 4 | BL11: =+R11-Q11 -> 74 | BM11: =+S11-R11 -> 246 | BN11: =+T11-S11 -> -257 | BO11: =+U11-T11 -> 12 | BP11: =+V11-U11 -> 26 | BQ11: =+AVERAGE(BK11:BP11) -> 17.5 | BR11: =MEDIAN(BK11:BP11) -> 19
A12: 8 | B12: 85 | C12: 121 | D12: 140 | E12: 124 | F12: 84 | G12: 121 | H12: 144 | I12: 72 | J12: 65 | K12: 107 | L12: 101 | M12: 55 | N12: 86 | O12: 99 | P12: 13 | Q12: 56 | R12: 33 | S12: 23 | T12: 29 | U12: 35 | V12: 45 | W12: =+(C12-B12)/B12 -> 0.42352941 | X12: =+(D12-C12)/C12 -> 0.15702479 | Y12: =+(E12-D12)/D12 -> -0.11428571 | Z12: =+(F12-E12)/E12 -> -0.32258065 | AA12: =+(G12-F12)/F12 -> 0.44047619 | AB12: =+(H12-G12)/G12 -> 0.19008264 | AC12: =+AVERAGE(W12:AB12) -> 0.12904111 | AD12: =MEDIAN(W12:AB12) -> 0.17355372 | AE12: =C12-B12 -> 36 | AF12: =D12-C12 -> 19 | AG12: =E12-D12 -> -16 | AH12: =F12-E12 -> -40 | AI12: =G12-F12 -> 37 | AJ12: =H12-G12 -> 23 | AK12: =+AVERAGE(AE12:AJ12) -> 9.8333333 | AL12: =+MEDIAN(AE12:AJ12) -> 21 | AM12: =+(J12-I12)/I12 -> -0.097222222 | AN12: =+(K12-J12)/J12 -> 0.64615385 | AO12: =+(L12-K12)/K12 -> -0.056074766 | AP12: =+(M12-L12)/L12 -> -0.45544554 | AQ12: =+(N12-M12)/M12 -> 0.56363636 | AR12: =+(O12-N12)/N12 -> 0.15116279 | AS12: =+AVERAGE(AM12:AR12) -> 0.12536841 | AT12: =+MEDIAN(AM12:AR12) -> 0.047544012 | AU12: =J12-I12 -> -7 | AV12: =K12-J12 -> 42 | AW12: =L12-K12 -> -6 | AX12: =M12-L12 -> -46 | AY12: =N12-M12 -> 31 | AZ12: =O12-N12 -> 13 | BA12: =+AVERAGE(AU12:AZ12) -> 4.5 | BB12: =MEDIAN(AU12:AZ12) -> 3.5 | BC12: =+(Q12-P12)/P12 -> 3.3076923 | BD12: =+(R12-Q12)/Q12 -> -0.41071429 | BE12: =+(S12-R12)/R12 -> -0.3030303 | BF12: =+(T12-S12)/S12 -> 0.26086957 | BG12: =+(U12-T12)/T12 -> 0.20689655 | BH12: =+(V12-U12)/U12 -> 0.28571429 | BI12: =+AVERAGE(BC12:BH12) -> 0.55790469 | BJ12: =MEDIAN(BC12:BH12) -> 0.23388306 | BK12: =+Q12-P12 -> 43 | BL12: =+R12-Q12 -> -23 | BM12: =+S12-R12 -> -10 | BN12: =+T12-S12 -> 6 | BO12: =+U12-T12 -> 6 | BP12: =+V12-U12 -> 10 | BQ12: =+AVERAGE(BK12:BP12) -> 5.3333333 | BR12: =MEDIAN(BK12:BP12) -> 6
B13: =SUBTOTAL(109,Tabla9[2017]) -> 51750 | C13: =SUBTOTAL(109,Tabla9[2018]) -> 53044 | D13: =SUBTOTAL(109,Tabla9[2019]) -> 55469 | E13: =SUBTOTAL(109,Tabla9[2020]) -> 73732 | F13: =SUBTOTAL(109,Tabla9[2021]) -> 64945 | G13: =SUBTOTAL(109,Tabla9[2022]) -> 65325 | H13: =SUBTOTAL(109,Tabla9[2023]) -> 63161

Sheet Hoja1
A1: Defunciones
A2: Año | B2: Frecuencia | C2: Variaciones interanuales | E2: Valores absolutos
A3: 2017 | B3: 45973 | Q3: =SUBTOTAL(109,[1]!Tabla1[2017]) -> #REF!
A4: 2018 | B4: 46977 | C4: =+(B4-B3)/B3 -> 0.021838905 | D4: =+(B4-B3)/B3 -> 0.021838905 | E4: =+B4-B3 -> 1004 | Q4: =SUBTOTAL(109,[1]!Tabla1[2018]) -> #REF!
A5: 2019 | B5: 49248 | C5: =+(B5-B4)/B4 -> 0.048342806 | D5: =+(B5-B4)/B4 -> 0.048342806 | E5: =+B5-B4 -> 2271 | Q5: =SUBTOTAL(109,[1]!Tabla1[2019]) -> #REF!
A6: 2020 | B6: 63347 | C6: =+(B6-B5)/B5 -> 0.28628574 | D6: =+(B6-B5)/B5 -> 0.28628574 | E6: =+B6-B5 -> 14099 | Q6: =SUBTOTAL(109,[1]!Tabla1[2020]) -> #REF!
A7: 2021 | B7: 57366 | C7: =+(B7-B6)/B6 -> -0.094416468 | D7: =+(B7-B5)/B5 -> 0.16483918 | E7: =+B7-B6 -> -5981 | Q7: =SUBTOTAL(109,[1]!Tabla1[2021]) -> #REF!
A8: 2022 | B8: 58409 | C8: =+(B8-B7)/B7 -> 0.018181501 | D8: =+(B8-B5)/B5 -> 0.18601771 | E8: =+B8-B7 -> 1043 | Q8: =SUBTOTAL(109,[1]!Tabla1[2022]) -> #REF!
A9: 2023 | B9: 56540 | C9: =+(B9-B8)/B8 -> -0.031998493 | D9: =+(B9-B5)/B5 -> 0.14806693 | E9: =+B9-B8 -> -1869 | Q9: =SUBTOTAL(109,[1]!Tabla1[2023]) -> #REF!
A18: Mes de fallecimiento | B18: 2019 | C18: 2020 | E18: Exceso 2020
A19: Enero | B19: 6732 | C19: 6768 | E19: =+C19-B19 -> 36
A20: Febrero | B20: 5940 | C20: 6127 | E20: =+C20-B20 -> 187 | F20: =+(C20-B20)/B20 -> 0.031481481
A21: Marzo | B21: 6584 | C21: 10214 | E21: =+C21-B21 -> 3630 | F21: =+(C21-B21)/B21 -> 0.55133657
A22: Abril | B22: 6166 | C22: 21290 | E22: =+C22-B22 -> 15124 | F22: =+(C22-B22)/B22 -> 2.4528057
A23: Mayo | B23: 5966 | C23: 10342 | E23: =+C23-B23 -> 4376 | F23: =+(C23-B23)/B23 -> 0.73348978
A24: Junio | B24: 5909 | C24: 9101 | E24: =+C24-B24 -> 3192 | F24: =+(C24-B24)/B24 -> 0.54019293
A25: Julio | B25: 6090 | C25: 10981 | E25: =+C25-B25 -> 4891 | F25: =+(C25-B25)/B25 -> 0.80311987
A26: Agosto | B26: 6270 | C26: 10157 | E26: =+C26-B26 -> 3887 | F26: =+(C26-B26)/B26 -> 0.6199362
A27: Septiembre | B27: 6222 | C27: 8078 | E27: =+C27-B27 -> 1856 | F27: =+(C27-B27)/B27 -> 0.29829637
A28: Octubre | B28: 6015 | C28: 7662 | E28: =+C28-B28 -> 1647 | F28: =+(C28-B28)/B28 -> 0.27381546
A29: Noviembre | B29: 6061 | C29: 7445 | E29: =+C29-B29 -> 1384 | F29: =+(C29-B29)/B29 -> 0.22834516
A30: Diciembre | B30: 6484 | C30: 7351 | E30: =+C30-B30 -> 867 | F30: =+(C30-B30)/B30 -> 0.13371376
A31: Total | B31: 74439 | C31: 115516 | E31: 41077 | F31: =+(C31-B31)/B31 -> 0.55182095
A34: prov_res | B34: Provincia
A35: 1 | B35: Azuay
A36: 2 | B36: Bolivar
A37: 3 | B37: Cañar
A38: 4 | B38: Carchi
A39: 5 | B39: Chimborazo
A40: 6 | B40: Cotopaxi
A41: 7 | B41: El Oro
A42: 8 | B42: Esmeraldas
A43: 9 | B43: Guayas
A44: 10 | B44: Imbabura
A45: 11 | B45: Loja
A46: 12 | B46: Los Ríos
... A60: 90 | B60: Zonas no delimitadas (código especial)

Sheet etnia
A1: etnia | B1: 2017 | C1: Hombres_2017 | D1: Mujeres_2017 | E1: 2018 | F1: Hombres_2018 | G1: Mujeres_2018 | H1: 2019 | I1: Hombres_2019 | J1: Mujeres_2019 | K1: 2020 | L1: Hombres_2020 | M1: Mujeres_2020 | N1: 2021 | O1: Hombres_2021 | P1: Mujeres_2021 | Q1: 2022 | R1: Hombres_2022 | S1: Mujeres_2022 | T1: 2023 | U1: Hombres_2023 | V1: Mujeres_2023
A2: 6 | B2: 2445 | C2: 1376 | D2: 1069 | E2: 2591 | F2: 1461 | G2: 1130 | H2: 2794 | I2: 1607 | J2: 1187 | K2: 3014 | L2: 1692 | M2: 1322 | N2: 3190 | O2: 1764 | P2: 1426 | Q2: 3410 | R2: 1817 | S2: 1593 | T2: 3056 | U2: 1649 | V2: 1407
A3: 9 | B3: 421 | C3: 226 | D3: 195 | E3: 356 | F3: 207 | G3: 149 | H3: 296 | I3: 171 | J3: 125 | K3: 308 | L3: 163 | M3: 145 | N3: 199 | O3: 112 | P3: 87 | Q3: 236 | R3: 135 | S3: 101 | T3: 337 | U3: 171 | V3: 166
A4: 1 | B4: 131 | C4: 68 | D4: 63 | E4: 137 | F4: 75 | G4: 62 | H4: 127 | I4: 67 | J4: 60 | K4: 131 | L4: 68 | M4: 63 | N4: 149 | O4: 89 | P4: 60 | Q4: 162 | R4: 95 | S4: 67 | T4: 157 | U4: 101 | V4: 56
A5: 5 | B5: 65 | C5: 44 | D5: 21 | E5: 48 | F5: 32 | G5: 16 | H5: 61 | I5: 40 | J5: 21 | K5: 112 | L5: 76 | M5: 36 | N5: 74 | O5: 50 | P5: 24 | Q5: 86 | R5: 62 | S5: 24 | T5: 95 | U5: 59 | V5: 36
A6: 7 | B6: 54 | C6: 32 | D6: 22 | E6: 56 | F6: 30 | G6: 26 | H6: 43 | I6: 24 | J6: 19 | K6: 55 | L6: 28 | M6: 27 | N6: 36 | O6: 21 | P6: 15 | Q6: 32 | R6: 17 | S6: 15 | T6: 42 | U6: 19 | V6: 23
A7: 2 | B7: 27 | C7: 12 | D7: 15 | E7: 21 | F7: 11 | G7: 10 | H7: 29 | I7: 14 | J7: 15 | K7: 33 | L7: 20 | M7: 13 | N7: 20 | O7: 12 | P7: 8 | Q7: 30 | R7: 17 | S7: 13 | T7: 39 | U7: 23 | V7: 16
A8: 3 | B8: 17 | C8: 13 | D8: 4 | E8: 19 | F8: 11 | G8: 8 | H8: 28 | I8: 19 | J8: 9 | K8: 24 | L8: 12 | M8: 12 | N8: 25 | O8: 16 | P8: 9 | Q8: 17 | R8: 11 | S8: 6 | T8: 15 | U8: 10 | V8: 5
A9: 4 | B9: 16 | C9: 9 | D9: 7 | E9: 12 | F9: 6 | G9: 6 | H9: 13 | I9: 9 | J9: 4 | K9: 21 | L9: 13 | M9: 8 | N9: 11 | O9: 7 | P9: 4 | Q9: 11 | R9: 7 | S9: 4 | T9: 15 | U9: 6 | V9: 9
A10: 8 | B10: 8 | C10: 3 | D10: 5 | E10: 10 | F10: 5 | G10: 5 | H10: 6 | I10: 4 | J10: 2 | K10: 8 | L10: 6 | M10: 2 | N10: 7 | O10: 5 | P10: 2 | Q10: 9 | R10: 6 | S10: 3 | T10: 6 | U10: 4 | V10: 2
K11: 48 | L11: 27 | M11: 21

Sheet TDETNIA
A1: etnia | B1: 2017 | C1: 2018 | D1: 2019 | E1: 2020 | F1: 2021 | G1: 2022 | H1: 2023 | I1: Hombres_2017 | J1: Hombres_2018 | K1: Hombres_2019 | L1: Hombres_2020 | M1: Hombres_2021 | N1: Hombres_2022 | O1: Hombres_2023 | P1: Mujeres_2017 | Q1: Mujeres_2018 | R1: Mujeres_2019 | S1: Mujeres_2020 | T1: Mujeres_2021 | U1: Mujeres_2022 | V1: Mujeres_2023 | W1: VAR_AÑO1 | X1: VAR_AÑO2 | Y1: VAR_AÑO3 | Z1: VAR_AÑO4 | AA1: VAR_AÑO5 | AB1: VAR_AÑO6 | AC1: PROMEDIO | AD1: MEDIA | AE1: VARAB_AÑO1 | AF1: VARAB_AÑO2 | AG1: VARAB_AÑO3 | AH1: VARAB_AÑO4 | AI1: VARAB_AÑO5 | AJ1: VARAB_AÑO6 | AK1: PROMEDIO2 | AL1: MEDIA2 | AM1: VARH_AÑO1 | AN1: VARH_AÑO2 | AO1: VARH_AÑO3 | AP1: VARH_AÑO4 | AQ1: VARH_AÑO5 | AR1: VARH_AÑO6 | AS1: PROMEDIO3 | AT1: MEDIA3 | AU1: VARAH_AÑO1 | AV1: VARAH_AÑO2 | AW1: VARAH_AÑO3 | AX1: VARAH_AÑO4 | AY1: VARAH_AÑO5 | AZ1: VARAH_AÑO6 | BA1: PROMEDIO4 | BB1: MEDIA4 | BC1: VARM_AÑO1 | BD1: VARM_AÑO2 | BE1: VARM_AÑO3 | BF1: VARM_AÑO4 | BG1: VARM_AÑO5 | BH1: VARM_AÑO6 | BI1: PROMEDIO5 | BJ1: MEDIANA | BK1: VARAM_AÑO1 | BL1: VARAM_AÑO2 | BM1: VARAM_AÑO3 | BN1: VARAM_AÑO4 | BO1: VARAM_AÑO5 | BP1: VARAM_AÑO6 | BQ1: PROMEDIO6 | BR1: MEDIA5
A2: 6 | B2: 2445 | C2: 2591 | D2: 2794 | E2: 3014 | F2: 3190 | G2: 3410 | H2: 3056 | I2: 1376 | J2: 1461 | K2: 1607 | L2: 1692 | M2: 1764 | N2: 1817 | O2: 1649 | P2: 1069 | Q2: 1130 | R2: 1187 | S2: 1322 | T2: 1426 | U2: 1593 | V2: 1407 | W2: =+(C2-B2)/B2 -> 0.059713701 | X2: =+(D2-C2)/C2 -> 0.078348128 | Y2: =+(E2-D2)/D2 -> 0.078740157 | Z2: =+(F2-E2)/E2 -> 0.058394161 | AA2: =+(G2-F2)/F2 -> 0.068965517 | AB2: =+(H2-G2)/G2 -> -0.10381232 | AC2: =+AVERAGE(W2:AB2) -> 0.040058225 | AD2: =MEDIAN(W2:AB2) -> 0.064339609 | AE2: =C2-B2 -> 146 | AF2: =D2-C2 -> 203 | AG2: =E2-D2 -> 220 | AH2: =F2-E2 -> 176 | AI2: =G2-F2 -> 220 | AJ2: =H2-G2 -> -354 | AK2: =+AVERAGE(AE2:AJ2) -> 101.83333 | AL2: =+MEDIAN(AE2:AJ2) -> 189.5 | AM2: =+(J2-I2)/I2 -> 0.061773256 | AN2: =+(K2-J2)/J2 -> 0.099931554 | AO2: =+(L2-K2)/K2 -> 0.052893591 | AP2: =+(M2-L2)/L2 -> 0.042553191 | AQ2: =+(N2-M2)/M2 -> 0.030045351 | AR2: =+(O2-N2)/N2 -> -0.092460099 | AS2: =+AVERAGE(AM2:AR2) -> 0.032456141 | AT2: =+MEDIAN(AM2:AR2) -> 0.047723391 | AU2: =J2-I2 -> 85 | AV2: =K2-J2 -> 146 | AW2: =L2-K2 -> 85 | AX2: =M2-L2 -> 72 | AY2: =N2-M2 -> 53 | AZ2: =O2-N2 -> -168 | BA2: =+AVERAGE(AU2:AZ2) -> 45.5 | BB2: =MEDIAN(AU2:AZ2) -> 78.5 | BC2: =+(Q2-P2)/P2 -> 0.057062675 | BD2: =+(R2-Q2)/Q2 -> 0.050442478 | BE2: =+(S2-R2)/R2 -> 0.1137321 | BF2: =+(T2-S2)/S2 -> 0.078668684 | BG2: =+(U2-T2)/T2 -> 0.1171108 | BH2: =+(V2-U2)/U2 -> -0.11676083 | BI2: =+AVERAGE(BC2:BH2) -> 0.050042651 | BJ2: =MEDIAN(BC2:BH2) -> 0.06786568 | BK2: =+Q2-P2 -> 61 | BL2: =+R2-Q2 -> 57 | BM2: =+S2-R2 -> 135 | BN2: =+T2-S2 -> 104 | BO2: =+U2-T2 -> 167 | BP2: =+V2-U2 -> -186 | BQ2: =+AVERAGE(BK2:BP2) -> 56.333333 | BR2: =MEDIAN(BK2:BP2) -> 82.5
A3: 9 | B3: 421 | C3: 356 | D3: 296 | E3: 308 | F3: 199 | G3: 236 | H3: 337 | I3: 226 | J3: 207 | K3: 171 | L3: 163 | M3: 112 | N3: 135 | O3: 171 | P3: 195 | Q3: 149 | R3: 125 | S3: 145 | T3: 87 | U3: 101 | V3: 166 | W3: =+(C3-B3)/B3 -> -0.1543943 | X3: =+(D3-C3)/C3 -> -0.16853933 | Y3: =+(E3-D3)/D3 -> 0.040540541 | Z3: =+(F3-E3)/E3 -> -0.3538961 | AA3: =+(G3-F3)/F3 -> 0.18592965 | AB3: =+(H3-G3)/G3 -> 0.4279661 | AC3: =+AVERAGE(W3:AB3) -> -0.0037322398 | AD3: =MEDIAN(W3:AB3) -> -0.056926879 | AE3: =C3-B3 -> -65 | AF3: =D3-C3 -> -60 | AG3: =E3-D3 -> 12 | AH3: =F3-E3 -> -109 | AI3: =G3-F3 -> 37 | AJ3: =H3-G3 -> 101 | AK3: =+AVERAGE(AE3:AJ3) -> -14 | AL3: =+MEDIAN(AE3:AJ3) -> -24 | AM3: =+(J3-I3)/I3 -> -0.084070796 | AN3: =+(K3-J3)/J3 -> -0.17391304 | AO3: =+(L3-K3)/K3 -> -0.046783626 | AP3: =+(M3-L3)/L3 -> -0.31288344 | AQ3: =+(N3-M3)/M3 -> 0.20535714 | AR3: =+(O3-N3)/N3 -> 0.26666667 | AS3: =+AVERAGE(AM3:AR3) -> -0.024271182 | AT3: =+MEDIAN(AM3:AR3) -> -0.065427211 | AU3: =J3-I3 -> -19 | AV3: =K3-J3 -> -36 | AW3: =L3-K3 -> -8 | AX3: =M3-L3 -> -51 | AY3: =N3-M3 -> 23 | AZ3: =O3-N3 -> 36 | BA3: =+AVERAGE(AU3:AZ3) -> -9.1666667 | BB3: =MEDIAN(AU3:AZ3) -> -13.5 | BC3: =+(Q3-P3)/P3 -> -0.23589744 | BD3: =+(R3-Q3)/Q3 -> -0.16107383 | BE3: =+(S3-R3)/R3 -> 0.16 | BF3: =+(T3-S3)/S3 -> -0.4 | BG3: =+(U3-T3)/T3 -> 0.16091954 | BH3: =+(V3-U3)/U3 -> 0.64356436 | BI3: =+AVERAGE(BC3:BH3) -> 0.027918773 | BJ3: =MEDIAN(BC3:BH3) -> -0.00053691275 | BK3: =+Q3-P3 -> -46 | BL3: =+R3-Q3 -> -24 | BM3: =+S3-R3 -> 20 | BN3: =+T3-S3 -> -58 | BO3: =+U3-T3 -> 14 | BP3: =+V3-U3 -> 65 | BQ3: =+AVERAGE(BK3:BP3) -> -4.8333333 | BR3: =MEDIAN(BK3:BP3) -> -5
A4: 1 | B4: 131 | C4: 137 | D4: 127 | E4: 131 | F4: 149 | G4: 162 | H4: 157 | I4: 68 | J4: 75 | K4: 67 | L4: 68 | M4: 89 | N4: 95 | O4: 101 | P4: 63 | Q4: 62 | R4: 60 | S4: 63 | T4: 60 | U4: 67 | V4: 56 | W4: =+(C4-B4)/B4 -> 0.045801527 | X4: =+(D4-C4)/C4 -> -0.072992701 | Y4: =+(E4-D4)/D4 -> 0.031496063 | Z4: =+(F4-E4)/E4 -> 0.13740458 | AA4: =+(G4-F4)/F4 -> 0.087248322 | AB4: =+(H4-G4)/G4 -> -0.030864198 | AC4: =+AVERAGE(W4:AB4) -> 0.033015599 | AD4: =MEDIAN(W4:AB4) -> 0.038648795 | AE4: =C4-B4 -> 6 | AF4: =D4-C4 -> -10 | AG4: =E4-D4 -> 4 | AH4: =F4-E4 -> 18 | AI4: =G4-F4 -> 13 | AJ4: =H4-G4 -> -5 | AK4: =+AVERAGE(AE4:AJ4) -> 4.3333333 | AL4: =+MEDIAN(AE4:AJ4) -> 5 | AM4: =+(J4-I4)/I4 -> 0.10294118 | AN4: =+(K4-J4)/J4 -> -0.10666667 | AO4: =+(L4-K4)/K4 -> 0.014925373 | AP4: =+(M4-L4)/L4 -> 0.30882353 | AQ4: =+(N4-M4)/M4 -> 0.06741573 | AR4: =+(O4-N4)/N4 -> 0.063157895 | AS4: =+AVERAGE(AM4:AR4) -> 0.075099506 | AT4: =+MEDIAN(AM4:AR4) -> 0.065286813 | AU4: =J4-I4 -> 7 | AV4: =K4-J4 -> -8 | AW4: =L4-K4 -> 1 | AX4: =M4-L4 -> 21 | AY4: =N4-M4 -> 6 | AZ4: =O4-N4 -> 6 | BA4: =+AVERAGE(AU4:AZ4) -> 5.5 | BB4: =MEDIAN(AU4:AZ4) -> 6 | BC4: =+(Q4-P4)/P4 -> -0.015873016 | BD4: =+(R4-Q4)/Q4 -> -0.032258065 | BE4: =+(S4-R4)/R4 -> 0.05 | BF4: =+(T4-S4)/S4 -> -0.047619048 | BG4: =+(U4-T4)/T4 -> 0.11666667 | BH4: =+(V4-U4)/U4 -> -0.1641791 | BI4: =+AVERAGE(BC4:BH4) -> -0.015543761 | BJ4: =MEDIAN(BC4:BH4) -> -0.02406554 | BK4: =+Q4-P4 -> -1 | BL4: =+R4-Q4 -> -2 | BM4: =+S4-R4 -> 3 | BN4: =+T4-S4 -> -3 | BO4: =+U4-T4 -> 7 | BP4: =+V4-U4 -> -11 | BQ4: =+AVERAGE(BK4:BP4) -> -1.1666667 | BR4: =MEDIAN(BK4:BP4) -> -1.5
A5: 5 | B5: 65 | C5: 48 | D5: 61 | E5: 112 | F5: 74 | G5: 86 | H5: 95 | I5: 44 | J5: 32 | K5: 40 | L5: 76 | M5: 50 | N5: 62 | O5: 59 | P5: 21 | Q5: 16 | R5: 21 | S5: 36 | T5: 24 | U5: 24 | V5: 36 | W5: =+(C5-B5)/B5 -> -0.26153846 | X5: =+(D5-C5)/C5 -> 0.27083333 | Y5: =+(E5-D5)/D5 -> 0.83606557 | Z5: =+(F5-E5)/E5 -> -0.33928571 | AA5: =+(G5-F5)/F5 -> 0.16216216 | AB5: =+(H5-G5)/G5 -> 0.10465116 | AC5: =+AVERAGE(W5:AB5) -> 0.12881468 | AD5: =MEDIAN(W5:AB5) -> 0.13340666 | AE5: =C5-B5 -> -17 | AF5: =D5-C5 -> 13 | AG5: =E5-D5 -> 51 | AH5: =F5-E5 -> -38 | AI5: =G5-F5 -> 12 | AJ5: =H5-G5 -> 9 | AK5: =+AVERAGE(AE5:AJ5) -> 5 | AL5: =+MEDIAN(AE5:AJ5) -> 10.5 | AM5: =+(J5-I5)/I5 -> -0.27272727 | AN5: =+(K5-J5)/J5 -> 0.25 | AO5: =+(L5-K5)/K5 -> 0.9 | AP5: =+(M5-L5)/L5 -> -0.34210526 | AQ5: =+(N5-M5)/M5 -> 0.24 | AR5: =+(O5-N5)/N5 -> -0.048387097 | AS5: =+AVERAGE(AM5:AR5) -> 0.12113006 | AT5: =+MEDIAN(AM5:AR5) -> 0.095806452 | AU5: =J5-I5 -> -12 | AV5: =K5-J5 -> 8 | AW5: =L5-K5 -> 36 | AX5: =M5-L5 -> -26 | AY5: =N5-M5 -> 12 | AZ5: =O5-N5 -> -3 | BA5: =+AVERAGE(AU5:AZ5) -> 2.5 | BB5: =MEDIAN(AU5:AZ5) -> 2.5 | BC5: =+(Q5-P5)/P5 -> -0.23809524 | BD5: =+(R5-Q5)/Q5 -> 0.3125 | BE5: =+(S5-R5)/R5 -> 0.71428571 | BF5: =+(T5-S5)/S5 -> -0.33333333 | BG5: =+(U5-T5)/T5 -> 0 | BH5: =+(V5-U5)/U5 -> 0.5 | BI5: =+AVERAGE(BC5:BH5) -> 0.15922619 | BJ5: =MEDIAN(BC5:BH5) -> 0.15625 | BK5: =+Q5-P5 -> -5 | BL5: =+R5-Q5 -> 5 | BM5: =+S5-R5 -> 15 | BN5: =+T5-S5 -> -12 | BO5: =+U5-T5 -> 0 | BP5: =+V5-U5 -> 12 | BQ5: =+AVERAGE(BK5:BP5) -> 2.5 | BR5: =MEDIAN(BK5:BP5) -> 2.5
A6: 7 | B6: 54 | C6: 56 | D6: 43 | E6: 55 | F6: 36 | G6: 32 | H6: 42 | I6: 32 | J6: 30 | K6: 24 | L6: 28 | M6: 21 | N6: 17 | O6: 19 | P6: 22 | Q6: 26 | R6: 19 | S6: 27 | T6: 15 | U6: 15 | V6: 23 | W6: =+(C6-B6)/B6 -> 0.037037037 | X6: =+(D6-C6)/C6 -> -0.23214286 | Y6: =+(E6-D6)/D6 -> 0.27906977 | Z6: =+(F6-E6)/E6 -> -0.34545455 | AA6: =+(G6-F6)/F6 -> -0.11111111 | AB6: =+(H6-G6)/G6 -> 0.3125 | AC6: =+AVERAGE(W6:AB6) -> -0.010016952 | AD6: =MEDIAN(W6:AB6) -> -0.037037037 | AE6: =C6-B6 -> 2 | AF6: =D6-C6 -> -13 | AG6: =E6-D6 -> 12 | AH6: =F6-E6 -> -19 | AI6: =G6-F6 -> -4 | AJ6: =H6-G6 -> 10 | AK6: =+AVERAGE(AE6:AJ6) -> -2 | AL6: =+MEDIAN(AE6:AJ6) -> -1 | AM6: =+(J6-I6)/I6 -> -0.0625 | AN6: =+(K6-J6)/J6 -> -0.2 | AO6: =+(L6-K6)/K6 -> 0.16666667 | AP6: =+(M6-L6)/L6 -> -0.25 | AQ6: =+(N6-M6)/M6 -> -0.19047619 | AR6: =+(O6-N6)/N6 -> 0.11764706 | AS6: =+AVERAGE(AM6:AR6) -> -0.069777077 | AT6: =+MEDIAN(AM6:AR6) -> -0.1264881 | AU6: =J6-I6 -> -2 | AV6: =K6-J6 -> -6 | AW6: =L6-K6 -> 4 | AX6: =M6-L6 -> -7 | AY6: =N6-M6 -> -4 | AZ6: =O6-N6 -> 2 | BA6: =+AVERAGE(AU6:AZ6) -> -2.1666667 | BB6: =MEDIAN(AU6:AZ6) -> -3 | BC6: =+(Q6-P6)/P6 -> 0.18181818 | BD6: =+(R6-Q6)/Q6 -> -0.26923077 | BE6: =+(S6-R6)/R6 -> 0.42105263 | BF6: =+(T6-S6)/S6 -> -0.44444444 | BG6: =+(U6-T6)/T6 -> 0 | BH6: =+(V6-U6)/U6 -> 0.53333333 | BI6: =+AVERAGE(BC6:BH6) -> 0.070421489 | BJ6: =MEDIAN(BC6:BH6) -> 0.090909091 | BK6: =+Q6-P6 -> 4 | BL6: =+R6-Q6 -> -7 | BM6: =+S6-R6 -> 8 | BN6: =+T6-S6 -> -12 | BO6: =+U6-T6 -> 0 | BP6: =+V6-U6 -> 8 | BQ6: =+AVERAGE(BK6:BP6) -> 0.16666667 | BR6: =MEDIAN(BK6:BP6) -> 2
A7: 2 | B7: 27 | C7: 21 | D7: 29 | E7: 33 | F7: 20 | G7: 30 | H7: 39 | I7: 12 | J7: 11 | K7: 14 | L7: 20 | M7: 12 | N7: 17 | O7: 23 | P7: 15 | Q7: 10 | R7: 15 | S7: 13 | T7: 8 | U7: 13 | V7: 16 | W7: =+(C7-B7)/B7 -> -0.22222222 | X7: =+(D7-C7)/C7 -> 0.38095238 | Y7: =+(E7-D7)/D7 -> 0.13793103 | Z7: =+(F7-E7)/E7 -> -0.39393939 | AA7: =+(G7-F7)/F7 -> 0.5 | AB7: =+(H7-G7)/G7 -> 0.3 | AC7: =+AVERAGE(W7:AB7) -> 0.1171203 | AD7: =MEDIAN(W7:AB7) -> 0.21896552 | AE7: =C7-B7 -> -6 | AF7: =D7-C7 -> 8 | AG7: =E7-D7 -> 4 | AH7: =F7-E7 -> -13 | AI7: =G7-F7 -> 10 | AJ7: =H7-G7 -> 9 | AK7: =+AVERAGE(AE7:AJ7) -> 2 | AL7: =+MEDIAN(AE7:AJ7) -> 6 | AM7: =+(J7-I7)/I7 -> -0.083333333 | AN7: =+(K7-J7)/J7 -> 0.27272727 | AO7: =+(L7-K7)/K7 -> 0.42857143 | AP7: =+(M7-L7)/L7 -> -0.4 | AQ7: =+(N7-M7)/M7 -> 0.41666667 | AR7: =+(O7-N7)/N7 -> 0.35294118 | AS7: =+AVERAGE(AM7:AR7) -> 0.16459554 | AT7: =+MEDIAN(AM7:AR7) -> 0.31283422 | AU7: =J7-I7 -> -1 | AV7: =K7-J7 -> 3 | AW7: =L7-K7 -> 6 | AX7: =M7-L7 -> -8 | AY7: =N7-M7 -> 5 | AZ7: =O7-N7 -> 6 | BA7: =+AVERAGE(AU7:AZ7) -> 1.8333333 | BB7: =MEDIAN(AU7:AZ7) -> 4 | BC7: =+(Q7-P7)/P7 -> -0.33333333 | BD7: =+(R7-Q7)/Q7 -> 0.5 | BE7: =+(S7-R7)/R7 -> -0.13333333 | BF7: =+(T7-S7)/S7 -> -0.38461538 | BG7: =+(U7-T7)/T7 -> 0.625 | BH7: =+(V7-U7)/U7 -> 0.23076923 | BI7: =+AVERAGE(BC7:BH7) -> 0.084081197 | BJ7: =MEDIAN(BC7:BH7) -> 0.048717949 | BK7: =+Q7-P7 -> -5 | BL7: =+R7-Q7 -> 5 | BM7: =+S7-R7 -> -2 | BN7: =+T7-S7 -> -5 | BO7: =+U7-T7 -> 5 | BP7: =+V7-U7 -> 3 | BQ7: =+AVERAGE(BK7:BP7) -> 0.16666667 | BR7: =MEDIAN(BK7:BP7) -> 0.5
A8: 3 | B8: 17 | C8: 19 | D8: 28 | E8: 24 | F8: 25 | G8: 17 | H8: 15 | I8: 13 | J8: 11 | K8: 19 | L8: 12 | M8: 16 | N8: 11 | O8: 10 | P8: 4 | Q8: 8 | R8: 9 | S8: 12 | T8: 9 | U8: 6 | V8: 5 | W8: =+(C8-B8)/B8 -> 0.11764706 | X8: =+(D8-C8)/C8 -> 0.47368421 | Y8: =+(E8-D8)/D8 -> -0.14285714 | Z8: =+(F8-E8)/E8 -> 0.041666667 | AA8: =+(G8-F8)/F8 -> -0.32 | AB8: =+(H8-G8)/G8 -> -0.11764706 | AC8: =+AVERAGE(W8:AB8) -> 0.0087489557 | AD8: =MEDIAN(W8:AB8) -> -0.037990196 | AE8: =C8-B8 -> 2 | AF8: =D8-C8 -> 9 | AG8: =E8-D8 -> -4 | AH8: =F8-E8 -> 1 | AI8: =G8-F8 -> -8 | AJ8: =H8-G8 -> -2 | AK8: =+AVERAGE(AE8:AJ8) -> -0.33333333 | AL8: =+MEDIAN(AE8:AJ8) -> -0.5 | AM8: =+(J8-I8)/I8 -> -0.15384615 | AN8: =+(K8-J8)/J8 -> 0.72727273 | AO8: =+(L8-K8)/K8 -> -0.36842105 | AP8: =+(M8-L8)/L8 -> 0.33333333 | AQ8: =+(N8-M8)/M8 -> -0.3125 | AR8: =+(O8-N8)/N8 -> -0.090909091 | AS8: =+AVERAGE(AM8:AR8) -> 0.022488294 | AT8: =+MEDIAN(AM8:AR8) -> -0.12237762 | AU8: =J8-I8 -> -2 | AV8: =K8-J8 -> 8 | AW8: =L8-K8 -> -7 | AX8: =M8-L8 -> 4 | AY8: =N8-M8 -> -5 | AZ8: =O8-N8 -> -1 | BA8: =+AVERAGE(AU8:AZ8) -> -0.5 | BB8: =MEDIAN(AU8:AZ8) -> -1.5 | BC8: =+(Q8-P8)/P8 -> 1 | BD8: =+(R8-Q8)/Q8 -> 0.125 | BE8: =+(S8-R8)/R8 -> 0.33333333 | BF8: =+(T8-S8)/S8 -> -0.25 | BG8: =+(U8-T8)/T8 -> -0.33333333 | BH8: =+(V8-U8)/U8 -> -0.16666667 | BI8: =+AVERAGE(BC8:BH8) -> 0.11805556 | BJ8: =MEDIAN(BC8:BH8) -> -0.020833333 | BK8: =+Q8-P8 -> 4 | BL8: =+R8-Q8 -> 1 | BM8: =+S8-R8 -> 3 | BN8: =+T8-S8 -> -3 | BO8: =+U8-T8 -> -3 | BP8: =+V8-U8 -> -1 | BQ8: =+AVERAGE(BK8:BP8) -> 0.16666667 | BR8: =MEDIAN(BK8:BP8) -> 0
A9: 4 | B9: 16 | C9: 12 | D9: 13 | E9: 21 | F9: 11 | G9: 11 | H9: 15 | I9: 9 | J9: 6 | K9: 9 | L9: 13 | M9: 7 | N9: 7 | O9: 6 | P9: 7 | Q9: 6 | R9: 4 | S9: 8 | T9: 4 | U9: 4 | V9: 9 | W9: =+(C9-B9)/B9 -> -0.25 | X9: =+(D9-C9)/C9 -> 0.083333333 | Y9: =+(E9-D9)/D9 -> 0.61538462 | Z9: =+(F9-E9)/E9 -> -0.47619048 | AA9: =+(G9-F9)/F9 -> 0 | AB9: =+(H9-G9)/G9 -> 0.36363636 | AC9: =+AVERAGE(W9:AB9) -> 0.056027306 | AD9: =MEDIAN(W9:AB9) -> 0.041666667 | AE9: =C9-B9 -> -4 | AF9: =D9-C9 -> 1 | AG9: =E9-D9 -> 8 | AH9: =F9-E9 -> -10 | AI9: =G9-F9 -> 0 | AJ9: =H9-G9 -> 4 | AK9: =+AVERAGE(AE9:AJ9) -> -0.16666667 | AL9: =+MEDIAN(AE9:AJ9) -> 0.5 | AM9: =+(J9-I9)/I9 -> -0.33333333 | AN9: =+(K9-J9)/J9 -> 0.5 | AO9: =+(L9-K9)/K9 -> 0.44444444 | AP9: =+(M9-L9)/L9 -> -0.46153846 | AQ9: =+(N9-M9)/M9 -> 0 | AR9: =+(O9-N9)/N9 -> -0.14285714 | AS9: =+AVERAGE(AM9:AR9) -> 0.0011192511 | AT9: =+MEDIAN(AM9:AR9) -> -0.071428571 | AU9: =J9-I9 -> -3 | AV9: =K9-J9 -> 3 | AW9: =L9-K9 -> 4 | AX9: =M9-L9 -> -6 | AY9: =N9-M9 -> 0 | AZ9: =O9-N9 -> -1 | BA9: =+AVERAGE(AU9:AZ9) -> -0.5 | BB9: =MEDIAN(AU9:AZ9) -> -0.5 | BC9: =+(Q9-P9)/P9 -> -0.14285714 | BD9: =+(R9-Q9)/Q9 -> -0.33333333 | BE9: =+(S9-R9)/R9 -> 1 | BF9: =+(T9-S9)/S9 -> -0.5 | BG9: =+(U9-T9)/T9 -> 0 | BH9: =+(V9-U9)/U9 -> 1.25 | BI9: =+AVERAGE(BC9:BH9) -> 0.21230159 | BJ9: =MEDIAN(BC9:BH9) -> -0.071428571 | BK9: =+Q9-P9 -> -1 | BL9: =+R9-Q9 -> -2 | BM9: =+S9-R9 -> 4 | BN9: =+T9-S9 -> -4 | BO9: =+U9-T9 -> 0 | BP9: =+V9-U9 -> 5 | BQ9: =+AVERAGE(BK9:BP9) -> 0.33333333 | BR9: =MEDIAN(BK9:BP9) -> -0.5
A10: 8 | B10: 8 | C10: 10 | D10: 6 | E10: 8 | F10: 7 | G10: 9 | H10: 6 | I10: 3 | J10: 5 | K10: 4 | L10: 6 | M10: 5 | N10: 6 | O10: 4 | P10: 5 | Q10: 5 | R10: 2 | S10: 2 | T10: 2 | U10: 3 | V10: 2 | W10: =+(C10-B10)/B10 -> 0.25 | X10: =+(D10-C10)/C10 -> -0.4 | Y10: =+(E10-D10)/D10 -> 0.33333333 | Z10: =+(F10-E10)/E10 -> -0.125 | AA10: =+(G10-F10)/F10 -> 0.28571429 | AB10: =+(H10-G10)/G10 -> -0.33333333 | AC10: =+AVERAGE(W10:AB10) -> 0.0017857143 | AD10: =MEDIAN(W10:AB10) -> 0.0625 | AE10: =C10-B10 -> 2 | AF10: =D10-C10 -> -4 | AG10: =E10-D10 -> 2 | AH10: =F10-E10 -> -1 | AI10: =G10-F10 -> 2 | AJ10: =H10-G10 -> -3 | AK10: =+AVERAGE(AE10:AJ10) -> -0.33333333 | AL10: =+MEDIAN(AE10:AJ10) -> 0.5 | AM10: =+(J10-I10)/I10 -> 0.66666667 | AN10: =+(K10-J10)/J10 -> -0.2 | AO10: =+(L10-K10)/K10 -> 0.5 | AP10: =+(M10-L10)/L10 -> -0.16666667 | AQ10: =+(N10-M10)/M10 -> 0.2 | AR10: =+(O10-N10)/N10 -> -0.33333333 | AS10: =+AVERAGE(AM10:AR10) -> 0.11111111 | AT10: =+MEDIAN(AM10:AR10) -> 0.016666667 | AU10: =J10-I10 -> 2 | AV10: =K10-J10 -> -1 | AW10: =L10-K10 -> 2 | AX10: =M10-L10 -> -1 | AY10: =N10-M10 -> 1 | AZ10: =O10-N10 -> -2 | BA10: =+AVERAGE(AU10:AZ10) -> 0.16666667 | BB10: =MEDIAN(AU10:AZ10) -> 0 | BC10: =+(Q10-P10)/P10 -> 0 | BD10: =+(R10-Q10)/Q10 -> -0.6 | BE10: =+(S10-R10)/R10 -> 0 | BF10: =+(T10-S10)/S10 -> 0 | BG10: =+(U10-T10)/T10 -> 0.5 | BH10: =+(V10-U10)/U10 -> -0.33333333 | BI10: =+AVERAGE(BC10:BH10) -> -0.072222222 | BJ10: =MEDIAN(BC10:BH10) -> 0 | BK10: =+Q10-P10 -> 0 | BL10: =+R10-Q10 -> -3 | BM10: =+S10-R10 -> 0 | BN10: =+T10-S10 -> 0 | BO10: =+U10-T10 -> 1 | BP10: =+V10-U10 -> -1 | BQ10: =+AVERAGE(BK10:BP10) -> -0.5 | BR10: =MEDIAN(BK10:BP10) -> 0
E11: 48 | L11: 27 | S11: 21 | W11: =+(C11-B11)/B11 -> #DIV/0! | X11: =+(D11-C11)/C11 -> #DIV/0! | Y11: =+(E11-D11)/D11 -> #DIV/0! | Z11: =+(F11-E11)/E11 -> -1 | AA11: =+(G11-F11)/F11 -> #DIV/0! | AB11: =+(H11-G11)/G11 -> #DIV/0! | AC11: =+AVERAGE(W11:AB11) -> #DIV/0! | AD11: =MEDIAN(W11:AB11) -> #DIV/0! | AE11: =C11-B11 -> 0 | AF11: =D11-C11 -> 0 | AG11: =E11-D11 -> 48 | AH11: =F11-E11 -> -48 | AI11: =G11-F11 -> 0 | AJ11: =H11-G11 -> 0 | AK11: =+AVERAGE(AE11:AJ11) -> 0 | AL11: =+MEDIAN(AE11:AJ11) -> 0 | AM11: =+(J11-I11)/I11 -> #DIV/0! | AN11: =+(K11-J11)/J11 -> #DIV/0! | AO11: =+(L11-K11)/K11 -> #DIV/0! | AP11: =+(M11-L11)/L11 -> -1 | AQ11: =+(N11-M11)/M11 -> #DIV/0! | AR11: =+(O11-N11)/N11 -> #DIV/0! | AS11: =+AVERAGE(AM11:AR11) -> #DIV/0! | AT11: =+MEDIAN(AM11:AR11) -> #DIV/0! | AU11: =J11-I11 -> 0 | AV11: =K11-J11 -> 0 | AW11: =L11-K11 -> 27 | AX11: =M11-L11 -> -27 | AY11: =N11-M11 -> 0 | AZ11: =O11-N11 -> 0 | BA11: =+AVERAGE(AU11:AZ11) -> 0 | BB11: =MEDIAN(AU11:AZ11) -> 0 | BC11: =+(Q11-P11)/P11 -> #DIV/0! | BD11: =+(R11-Q11)/Q11 -> #DIV/0! | BE11: =+(S11-R11)/R11 -> #DIV/0! | BF11: =+(T11-S11)/S11 -> -1 | BG11: =+(U11-T11)/T11 -> #DIV/0! | BH11: =+(V11-U11)/U11 -> #DIV/0! | BI11: =+AVERAGE(BC11:BH11) -> #DIV/0! | BJ11: =MEDIAN(BC11:BH11) -> #DIV/0! | BK11: =+Q11-P11 -> 0 | BL11: =+R11-Q11 -> 0 | BM11: =+S11-R11 -> 21 | BN11: =+T11-S11 -> -21 | BO11: =+U11-T11 -> 0 | BP11: =+V11-U11 -> 0 | BQ11: =+AVERAGE(BK11:BP11) -> 0 | BR11: =MEDIAN(BK11:BP11) -> 0
B12: =SUBTOTAL(109,Tabla8[2017]) -> 3184 | C12: =SUBTOTAL(109,Tabla8[2018]) -> 3250 | D12: =SUBTOTAL(109,Tabla8[2019]) -> 3397 | E12: =SUBTOTAL(109,Tabla8[2020]) -> 3754 | F12: =SUBTOTAL(109,Tabla8[2021]) -> 3711 | G12: =SUBTOTAL(109,Tabla8[2022]) -> 3993 | H12: =SUBTOTAL(109,Tabla8[2023]) -> 3762

Sheet BDENFERMEDAD
A1: causa | B1: 2017 | C1: 2018 | D1: 2019 | E1: 2020 | F1: 2021 | G1: 2022 | H1: 2023 | I1: Hombres_2017 | J1: Hombres_2018 | K1: Hombres_2019 | L1: Hombres_2020 | M1: Hombres_2021 | N1: Hombres_2022 | O1: Hombres_2023 | P1: Mujeres_2017 | Q1: Mujeres_2018 | R1: Mujeres_2019 | S1: Mujeres_2020 | T1: Mujeres_2021 | U1: Mujeres_2022 | V1: Mujeres_2023 | W1: VAR_AÑO1 | X1: VAR_AÑO2 | Y1: VAR_AÑO3 | Z1: VAR_AÑO4 | AA1: VAR_AÑO5 | AB1: VAR_AÑO6 | AC1: PROMEDIO | AD1: MEDIA | AE1: VARAB_AÑO1 | AF1: VARAB_AÑO2 | AG1: VARAB_AÑO3 | AH1: VARAB_AÑO4 | AI1: VARAB_AÑO5 | AJ1: VARAB_AÑO6 | AK1: PROMEDIO2 | AL1: MEDIA2 | AM1: VARH_AÑO1 | AN1: VARH_AÑO2 | AO1: VARH_AÑO3 | AP1: VARH_AÑO4 | AQ1: VARH_AÑO5 | AR1: VARH_AÑO6 | AS1: PROMEDIO3 | AT1: MEDIA3 | AU1: VARAH_AÑO1 | AV1: VARAH_AÑO2 | AW1: VARAH_AÑO3 | AX1: VARAH_AÑO4 | AY1: VARAH_AÑO5 | AZ1: VARAH_AÑO6 | BA1: PROMEDIO4 | BB1: MEDIA4 | BC1: VARM_AÑO1 | BD1: VARM_AÑO2 | BE1: VARM_AÑO3 | BF1: VARM_AÑO4 | BG1: VARM_AÑO5 | BH1: VARM_AÑO6 | BI1: PROMEDIO5 | BJ1: MEDIANA | BK1: VARAM_AÑO1 | BL1: VARAM_AÑO2 | BM1: VARAM_AÑO3 | BN1: VARAM_AÑO4 | BO1: VARAM_AÑO5 | BP1: VARAM_AÑO6 | BQ1: PROMEDIO6 | BR1: MEDIA5
A2: I21 | B2: 6965 | C2: 7543 | D2: 8176 | E2: 14992 | F2: 12305 | G2: 12878 | H2: 12795 | I2: 3971 | J2: 4286 | K2: 4622 | L2: 8643 | M2: 6821 | N2: 7097 | O2: 7182 | P2: 2994 | Q2: 3257 | R2: 3554 | S2: 6349 | T2: 5484 | U2: 5781 | V2: 5613 | W2: =+(C2-B2)/B2 -> 0.08298636 | X2: =+(D2-C2)/C2 -> 0.083918865 | Y2: =+(E2-D2)/D2 -> 0.83365949 | Z2: =+(F2-E2)/E2 -> -0.17922892 | AA2: =+(G2-F2)/F2 -> 0.046566436 | AB2: =+(H2-G2)/G2 -> -0.0064451002 | AC2: =+AVERAGE(W2:AB2) -> 0.14357619 | AD2: =MEDIAN(W2:AB2) -> 0.064776398 | AE2: =C2-B2 -> 578 | AF2: =D2-C2 -> 633 | AG2: =E2-D2 -> 6816 | AH2: =F2-E2 -> -2687 | AI2: =G2-F2 -> 573 | AJ2: =H2-G2 -> -83 | AK2: =+AVERAGE(AE2:AJ2) -> 971.66667 | AL2: =+MEDIAN(AE2:AJ2) -> 575.5 | AM2: =+(J2-I2)/I2 -> 0.079325107 | AN2: =+(K2-J2)/J2 -> 0.078394774 | AO2: =+(L2-K2)/K2 -> 0.86996971 | AP2: =+(M2-L2)/L2 -> -0.21080643 | AQ2: =+(N2-M2)/M2 -> 0.040463275 | AR2: =+(O2-N2)/N2 -> 0.011976892 | AS2: =+AVERAGE(AM2:AR2) -> 0.14488722 | AT2: =+MEDIAN(AM2:AR2) -> 0.059429024 | AU2: =J2-I2 -> 315 | AV2: =K2-J2 -> 336 | AW2: =L2-K2 -> 4021 | AX2: =M2-L2 -> -1822 | AY2: =N2-M2 -> 276 | AZ2: =O2-N2 -> 85 | BA2: =+AVERAGE(AU2:AZ2) -> 535.16667 | BB2: =MEDIAN(AU2:AZ2) -> 295.5 | BC2: =+(Q2-P2)/P2 -> 0.087842351 | BD2: =+(R2-Q2)/Q2 -> 0.09118821 | BE2: =+(S2-R2)/R2 -> 0.78643782 | BF2: =+(T2-S2)/S2 -> -0.13624193 | BG2: =+(U2-T2)/T2 -> 0.054157549 | BH2: =+(V2-U2)/U2 -> -0.029060716 | BI2: =+AVERAGE(BC2:BH2) -> 0.14238721 | BJ2: =MEDIAN(BC2:BH2) -> 0.07099995 | BK2: =+Q2-P2 -> 263 | BL2: =+R2-Q2 -> 297 | BM2: =+S2-R2 -> 2795 | BN2: =+T2-S2 -> -865 | BO2: =+U2-T2 -> 297 | BP2: =+V2-U2 -> -168 | BQ2: =+AVERAGE(BK2:BP2) -> 436.5 | BR2: =MEDIAN(BK2:BP2) -> 280
A3: I10 | B3: 1014 | C3: 956 | D3: 1096 | E3: 2430 | F3: 1889 | G3: 1787 | H3: 1521 | I3: 497 | J3: 461 | K3: 499 | L3: 1280 | M3: 928 | N3: 801 | O3: 688 | P3: 517 | Q3: 495 | R3: 597 | S3: 1150 | T3: 961 | U3: 986 | V3: 833 | W3: =+(C3-B3)/B3 -> -0.057199211 | X3: =+(D3-C3)/C3 -> 0.14644351 | Y3: =+(E3-D3)/D3 -> 1.2171533 | Z3: =+(F3-E3)/E3 -> -0.22263374 | AA3: =+(G3-F3)/F3 -> -0.053996824 | AB3: =+(H3-G3)/G3 -> -0.14885283 | AC3: =+AVERAGE(W3:AB3) -> 0.14681903 | AD3: =MEDIAN(W3:AB3) -> -0.055598017 | AE3: =C3-B3 -> -58 | AF3: =D3-C3 -> 140 | AG3: =E3-D3 -> 1334 | AH3: =F3-E3 -> -541 | AI3: =G3-F3 -> -102 | AJ3: =H3-G3 -> -266 | AK3: =+AVERAGE(AE3:AJ3) -> 84.5 | AL3: =+MEDIAN(AE3:AJ3) -> -80 | AM3: =+(J3-I3)/I3 -> -0.072434608 | AN3: =+(K3-J3)/J3 -> 0.082429501 | AO3: =+(L3-K3)/K3 -> 1.5651303 | AP3: =+(M3-L3)/L3 -> -0.275 | AQ3: =+(N3-M3)/M3 -> -0.13685345 | AR3: =+(O3-N3)/N3 -> -0.14107366 | AS3: =+AVERAGE(AM3:AR3) -> 0.17036634 | AT3: =+MEDIAN(AM3:AR3) -> -0.10464403 | AU3: =J3-I3 -> -36 | AV3: =K3-J3 -> 38 | AW3: =L3-K3 -> 781 | AX3: =M3-L3 -> -352 | AY3: =N3-M3 -> -127 | AZ3: =O3-N3 -> -113 | BA3: =+AVERAGE(AU3:AZ3) -> 31.833333 | BB3: =MEDIAN(AU3:AZ3) -> -74.5 | BC3: =+(Q3-P3)/P3 -> -0.042553191 | BD3: =+(R3-Q3)/Q3 -> 0.20606061 | BE3: =+(S3-R3)/R3 -> 0.92629816 | BF3: =+(T3-S3)/S3 -> -0.16434783 | BG3: =+(U3-T3)/T3 -> 0.026014568 | BH3: =+(V3-U3)/U3 -> -0.15517241 | BI3: =+AVERAGE(BC3:BH3) -> 0.13271665 | BJ3: =MEDIAN(BC3:BH3) -> -0.0082693117 | BK3: =+Q3-P3 -> -22 | BL3: =+R3-Q3 -> 102 | BM3: =+S3-R3 -> 553 | BN3: =+T3-S3 -> -189 | BO3: =+U3-T3 -> 25 | BP3: =+V3-U3 -> -153 | BQ3: =+AVERAGE(BK3:BP3) -> 52.666667 | BR3: =MEDIAN(BK3:BP3) -> 1.5
A4: N18 | B4: 1084 | C4: 1077 | D4: 1178 | E4: 1494 | F4: 1435 | G4: 1486 | H4: 1430 | I4: 626 | J4: 654 | K4: 712 | L4: 884 | M4: 860 | N4: 857 | O4: 811 | P4: 458 | Q4: 423 | R4: 466 | S4: 610 | T4: 575 | U4: 629 | V4: 619 | W4: =+(C4-B4)/B4 -> -0.0064575646 | X4: =+(D4-C4)/C4 -> 0.093779016 | Y4: =+(E4-D4)/D4 -> 0.26825127 | Z4: =+(F4-E4)/E4 -> -0.039491299 | AA4: =+(G4-F4)/F4 -> 0.03554007 | AB4: =+(H4-G4)/G4 -> -0.037685061 | AC4: =+AVERAGE(W4:AB4) -> 0.052322739 | AD4: =MEDIAN(W4:AB4) -> 0.014541253 | AE4: =C4-B4 -> -7 | AF4: =D4-C4 -> 101 | AG4: =E4-D4 -> 316 | AH4: =F4-E4 -> -59 | AI4: =G4-F4 -> 51 | AJ4: =H4-G4 -> -56 | AK4: =+AVERAGE(AE4:AJ4) -> 57.666667 | AL4: =+MEDIAN(AE4:AJ4) -> 22 | AM4: =+(J4-I4)/I4 -> 0.044728435 | AN4: =+(K4-J4)/J4 -> 0.088685015 | AO4: =+(L4-K4)/K4 -> 0.24157303 | AP4: =+(M4-L4)/L4 -> -0.027149321 | AQ4: =+(N4-M4)/M4 -> -0.0034883721 | AR4: =+(O4-N4)/N4 -> -0.053675613 | AS4: =+AVERAGE(AM4:AR4) -> 0.04844553 | AT4: =+MEDIAN(AM4:AR4) -> 0.020620031 | AU4: =J4-I4 -> 28 | AV4: =K4-J4 -> 58 | AW4: =L4-K4 -> 172 | AX4: =M4-L4 -> -24 | AY4: =N4-M4 -> -3 | AZ4: =O4-N4 -> -46 | BA4: =+AVERAGE(AU4:AZ4) -> 30.833333 | BB4: =MEDIAN(AU4:AZ4) -> 12.5 | BC4: =+(Q4-P4)/P4 -> -0.076419214 | BD4: =+(R4-Q4)/Q4 -> 0.10165485 | BE4: =+(S4-R4)/R4 -> 0.30901288 | BF4: =+(T4-S4)/S4 -> -0.057377049 | BG4: =+(U4-T4)/T4 -> 0.093913043 | BH4: =+(V4-U4)/U4 -> -0.015898251 | BI4: =+AVERAGE(BC4:BH4) -> 0.059147709 | BJ4: =MEDIAN(BC4:BH4) -> 0.039007396 | BK4: =+Q4-P4 -> -35 | BL4: =+R4-Q4 -> 43 | BM4: =+S4-R4 -> 144 | BN4: =+T4-S4 -> -35 | BO4: =+U4-T4 -> 54 | BP4: =+V4-U4 -> -10 | BQ4: =+AVERAGE(BK4:BP4) -> 26.833333 | BR4: =MEDIAN(BK4:BP4) -> 16.5
A5: J96 | B5: 98 | C5: 137 | D5: 133 | E5: 931 | F5: 650 | G5: 474 | H5: 432 | I5: 48 | J5: 66 | K5: 64 | L5: 573 | M5: 353 | N5: 262 | O5: 237 | P5: 50 | Q5: 71 | R5: 69 | S5: 358 | T5: 297 | U5: 212 | V5: 195 | W5: =+(C5-B5)/B5 -> 0.39795918 | X5: =+(D5-C5)/C5 -> -0.02919708 | Y5: =+(E5-D5)/D5 -> 6 | Z5: =+(F5-E5)/E5 -> -0.30182599 | AA5: =+(G5-F5)/F5 -> -0.27076923 | AB5: =+(H5-G5)/G5 -> -0.088607595 | AC5: =+AVERAGE(W5:AB5) -> 0.95125988 | AD5: =MEDIAN(W5:AB5) -> -0.058902338 | AE5: =C5-B5 -> 39 | AF5: =D5-C5 -> -4 | AG5: =E5-D5 -> 798 | AH5: =F5-E5 -> -281 | AI5: =G5-F5 -> -176 | AJ5: =H5-G5 -> -42 | AK5: =+AVERAGE(AE5:AJ5) -> 55.666667 | AL5: =+MEDIAN(AE5:AJ5) -> -23 | AM5: =+(J5-I5)/I5 -> 0.375 | AN5: =+(K5-J5)/J5 -> -0.03030303 | AO5: =+(L5-K5)/K5 -> 7.953125 | AP5: =+(M5-L5)/L5 -> -0.38394415 | AQ5: =+(N5-M5)/M5 -> -0.25779037 | AR5: =+(O5-N5)/N5 -> -0.095419847 | AS5: =+AVERAGE(AM5:AR5) -> 1.2601113 | AT5: =+MEDIAN(AM5:AR5) -> -0.062861439 | AU5: =J5-I5 -> 18 | AV5: =K5-J5 -> -2 | AW5: =L5-K5 -> 509 | AX5: =M5-L5 -> -220 | AY5: =N5-M5 -> -91 | AZ5: =O5-N5 -> -25 | BA5: =+AVERAGE(AU5:AZ5) -> 31.5 | BB5: =MEDIAN(AU5:AZ5) -> -13.5 | BC5: =+(Q5-P5)/P5 -> 0.42 | BD5: =+(R5-Q5)/Q5 -> -0.028169014 | BE5: =+(S5-R5)/R5 -> 4.1884058 | BF5: =+(T5-S5)/S5 -> -0.17039106 | BG5: =+(U5-T5)/T5 -> -0.28619529 | BH5: =+(V5-U5)/U5 -> -0.080188679 | BI5: =+AVERAGE(BC5:BH5) -> 0.67391029 | BJ5: =MEDIAN(BC5:BH5) -> -0.054178847 | BK5: =+Q5-P5 -> 21 | BL5: =+R5-Q5 -> -2 | BM5: =+S5-R5 -> 289 | BN5: =+T5-S5 -> -61 | BO5: =+U5-T5 -> -85 | BP5: =+V5-U5 -> -17 | BQ5: =+AVERAGE(BK5:BP5) -> 24.166667 | BR5: =MEDIAN(BK5:BP5) -> -9.5
A6: K92 | B6: 303 | C6: 370 | D6: 418 | E6: 564 | F6: 625 | G6: 650 | H6: 565 | I6: 173 | J6: 209 | K6: 211 | L6: 324 | M6: 380 | N6: 371 | O6: 328 | P6: 130 | Q6: 161 | R6: 207 | S6: 240 | T6: 245 | U6: 279 | V6: 237 | W6: =+(C6-B6)/B6 -> 0.22112211 | X6: =+(D6-C6)/C6 -> 0.12972973 | Y6: =+(E6-D6)/D6 -> 0.3492823 | Z6: =+(F6-E6)/E6 -> 0.10815603 | AA6: =+(G6-F6)/F6 -> 0.04 | AB6: =+(H6-G6)/G6 -> -0.13076923 | AC6: =+AVERAGE(W6:AB6) -> 0.11958682 | AD6: =MEDIAN(W6:AB6) -> 0.11894288 | AE6: =C6-B6 -> 67 | AF6: =D6-C6 -> 48 | AG6: =E6-D6 -> 146 | AH6: =F6-E6 -> 61 | AI6: =G6-F6 -> 25 | AJ6: =H6-G6 -> -85 | AK6: =+AVERAGE(AE6:AJ6) -> 43.666667 | AL6: =+MEDIAN(AE6:AJ6) -> 54.5 | AM6: =+(J6-I6)/I6 -> 0.20809249 | AN6: =+(K6-J6)/J6 -> 0.009569378 | AO6: =+(L6-K6)/K6 -> 0.53554502 | AP6: =+(M6-L6)/L6 -> 0.17283951 | AQ6: =+(N6-M6)/M6 -> -0.023684211 | AR6: =+(O6-N6)/N6 -> -0.11590296 | AS6: =+AVERAGE(AM6:AR6) -> 0.13107654 | AT6: =+MEDIAN(AM6:AR6) -> 0.091204442 | AU6: =J6-I6 -> 36 | AV6: =K6-J6 -> 2 | AW6: =L6-K6 -> 113 | AX6: =M6-L6 -> 56 | AY6: =N6-M6 -> -9 | AZ6: =O6-N6 -> -43 | BA6: =+AVERAGE(AU6:AZ6) -> 25.833333 | BB6: =MEDIAN(AU6:AZ6) -> 19 | BC6: =+(Q6-P6)/P6 -> 0.23846154 | BD6: =+(R6-Q6)/Q6 -> 0.28571429 | BE6: =+(S6-R6)/R6 -> 0.15942029 | BF6: =+(T6-S6)/S6 -> 0.020833333 | BG6: =+(U6-T6)/T6 -> 0.13877551 | BH6: =+(V6-U6)/U6 -> -0.15053763 | BI6: =+AVERAGE(BC6:BH6) -> 0.11544455 | BJ6: =MEDIAN(BC6:BH6) -> 0.1490979 | BK6: =+Q6-P6 -> 31 | BL6: =+R6-Q6 -> 46 | BM6: =+S6-R6 -> 33 | BN6: =+T6-S6 -> 5 | BO6: =+U6-T6 -> 34 | BP6: =+V6-U6 -> -42 | BQ6: =+AVERAGE(BK6:BP6) -> 17.833333 | BR6: =MEDIAN(BK6:BP6) -> 32
A7: C80 | B7: 274 | C7: 266 | D7: 338 | E7: 420 | F7: 467 | G7: 473 | H7: 522 | I7: 131 | J7: 130 | K7: 170 | L7: 199 | M7: 190 | N7: 225 | O7: 255 | P7: 143 | Q7: 136 | R7: 168 | S7: 221 | T7: 277 | U7: 248 | V7: 267 | W7: =+(C7-B7)/B7 -> -0.02919708 | X7: =+(D7-C7)/C7 -> 0.27067669 | Y7: =+(E7-D7)/D7 -> 0.24260355 | Z7: =+(F7-E7)/E7 -> 0.11190476 | AA7: =+(G7-F7)/F7 -> 0.012847966 | AB7: =+(H7-G7)/G7 -> 0.10359408 | AC7: =+AVERAGE(W7:AB7) -> 0.11873833 | AD7: =MEDIAN(W7:AB7) -> 0.10774942 | AE7: =C7-B7 -> -8 | AF7: =D7-C7 -> 72 | AG7: =E7-D7 -> 82 | AH7: =F7-E7 -> 47 | AI7: =G7-F7 -> 6 | AJ7: =H7-G7 -> 49 | AK7: =+AVERAGE(AE7:AJ7) -> 41.333333 | AL7: =+MEDIAN(AE7:AJ7) -> 48 | AM7: =+(J7-I7)/I7 -> -0.0076335878 | AN7: =+(K7-J7)/J7 -> 0.30769231 | AO7: =+(L7-K7)/K7 -> 0.17058824 | AP7: =+(M7-L7)/L7 -> -0.045226131 | AQ7: =+(N7-M7)/M7 -> 0.18421053 | AR7: =+(O7-N7)/N7 -> 0.13333333 | AS7: =+AVERAGE(AM7:AR7) -> 0.12382745 | AT7: =+MEDIAN(AM7:AR7) -> 0.15196078 | AU7: =J7-I7 -> -1 | AV7: =K7-J7 -> 40 | AW7: =L7-K7 -> 29 | AX7: =M7-L7 -> -9 | AY7: =N7-M7 -> 35 | AZ7: =O7-N7 -> 30 | BA7: =+AVERAGE(AU7:AZ7) -> 20.666667 | BB7: =MEDIAN(AU7:AZ7) -> 29.5 | BC7: =+(Q7-P7)/P7 -> -0.048951049 | BD7: =+(R7-Q7)/Q7 -> 0.23529412 | BE7: =+(S7-R7)/R7 -> 0.31547619 | BF7: =+(T7-S7)/S7 -> 0.25339367 | BG7: =+(U7-T7)/T7 -> -0.10469314 | BH7: =+(V7-U7)/U7 -> 0.076612903 | BI7: =+AVERAGE(BC7:BH7) -> 0.12118878 | BJ7: =MEDIAN(BC7:BH7) -> 0.15595351 | BK7: =+Q7-P7 -> -7 | BL7: =+R7-Q7 -> 32 | BM7: =+S7-R7 -> 53 | BN7: =+T7-S7 -> 56 | BO7: =+U7-T7 -> -29 | BP7: =+V7-U7 -> 19 | BQ7: =+AVERAGE(BK7:BP7) -> 20.666667 | BR7: =MEDIAN(BK7:BP7) -> 25.5
A8: G30 | B8: 447 | C8: 477 | D8: 592 | E8: 618 | F8: 561 | G8: 667 | H8: 687 | I8: 158 | J8: 164 | K8: 229 | L8: 261 | M8: 220 | N8: 249 | O8: 258 | P8: 289 | Q8: 313 | R8: 363 | S8: 357 | T8: 341 | U8: 418 | V8: 429 | W8: =+(C8-B8)/B8 -> 0.067114094 | X8: =+(D8-C8)/C8 -> 0.24109015 | Y8: =+(E8-D8)/D8 -> 0.043918919 | Z8: =+(F8-E8)/E8 -> -0.09223301 | AA8: =+(G8-F8)/F8 -> 0.18894831 | AB8: =+(H8-G8)/G8 -> 0.029985007 | AC8: =+AVERAGE(W8:AB8) -> 0.079803911 | AD8: =MEDIAN(W8:AB8) -> 0.055516506 | AE8: =C8-B8 -> 30 | AF8: =D8-C8 -> 115 | AG8: =E8-D8 -> 26 | AH8: =F8-E8 -> -57 | AI8: =G8-F8 -> 106 | AJ8: =H8-G8 -> 20 | AK8: =+AVERAGE(AE8:AJ8) -> 40 | AL8: =+MEDIAN(AE8:AJ8) -> 28 | AM8: =+(J8-I8)/I8 -> 0.037974684 | AN8: =+(K8-J8)/J8 -> 0.39634146 | AO8: =+(L8-K8)/K8 -> 0.13973799 | AP8: =+(M8-L8)/L8 -> -0.15708812 | AQ8: =+(N8-M8)/M8 -> 0.13181818 | AR8: =+(O8-N8)/N8 -> 0.036144578 | AS8: =+AVERAGE(AM8:AR8) -> 0.097488129 | AT8: =+MEDIAN(AM8:AR8) -> 0.084896433 | AU8: =J8-I8 -> 6 | AV8: =K8-J8 -> 65 | AW8: =L8-K8 -> 32 | AX8: =M8-L8 -> -41 | AY8: =N8-M8 -> 29 | AZ8: =O8-N8 -> 9 | BA8: =+AVERAGE(AU8:AZ8) -> 16.666667 | BB8: =MEDIAN(AU8:AZ8) -> 19 | BC8: =+(Q8-P8)/P8 -> 0.083044983 | BD8: =+(R8-Q8)/Q8 -> 0.15974441 | BE8: =+(S8-R8)/R8 -> -0.016528926 | BF8: =+(T8-S8)/S8 -> -0.044817927 | BG8: =+(U8-T8)/T8 -> 0.22580645 | BH8: =+(V8-U8)/U8 -> 0.026315789 | BI8: =+AVERAGE(BC8:BH8) -> 0.072260797 | BJ8: =MEDIAN(BC8:BH8) -> 0.054680386 | BK8: =+Q8-P8 -> 24 | BL8: =+R8-Q8 -> 50 | BM8: =+S8-R8 -> -6 | BN8: =+T8-S8 -> -16 | BO8: =+U8-T8 -> 77 | BP8: =+V8-U8 -> 11 | BQ8: =+AVERAGE(BK8:BP8) -> 23.333333 | BR8: =MEDIAN(BK8:BP8) -> 17.5
A9: I69 | B9: 330 | C9: 335 | D9: 398 | E9: 654 | F9: 604 | G9: 558 | H9: 555 | I9: 181 | J9: 197 | K9: 230 | L9: 372 | M9: 301 | N9: 276 | O9: 312 | P9: 149 | Q9: 138 | R9: 168 | S9: 282 | T9: 303 | U9: 282 | V9: 243 | W9: =+(C9-B9)/B9 -> 0.015151515 | X9: =+(D9-C9)/C9 -> 0.1880597 | Y9: =+(E9-D9)/D9 -> 0.64321608 | Z9: =+(F9-E9)/E9 -> -0.076452599 | AA9: =+(G9-F9)/F9 -> -0.07615894 | AB9: =+(H9-G9)/G9 -> -0.0053763441 | AC9: =+AVERAGE(W9:AB9) -> 0.1147399 | AD9: =MEDIAN(W9:AB9) -> 0.0048875855 | AE9: =C9-B9 -> 5 | AF9: =D9-C9 -> 63 | AG9: =E9-D9 -> 256 | AH9: =F9-E9 -> -50 | AI9: =G9-F9 -> -46 | AJ9: =H9-G9 -> -3 | AK9: =+AVERAGE(AE9:AJ9) -> 37.5 | AL9: =+MEDIAN(AE9:AJ9) -> 1 | AM9: =+(J9-I9)/I9 -> 0.08839779 | AN9: =+(K9-J9)/J9 -> 0.16751269 | AO9: =+(L9-K9)/K9 -> 0.6173913 | AP9: =+(M9-L9)/L9 -> -0.19086022 | AQ9: =+(N9-M9)/M9 -> -0.083056478 | AR9: =+(O9-N9)/N9 -> 0.13043478 | AS9: =+AVERAGE(AM9:AR9) -> 0.12163665 | AT9: =+MEDIAN(AM9:AR9) -> 0.10941629 | AU9: =J9-I9 -> 16 | AV9: =K9-J9 -> 33 | AW9: =L9-K9 -> 142 | AX9: =M9-L9 -> -71 | AY9: =N9-M9 -> -25 | AZ9: =O9-N9 -> 36 | BA9: =+AVERAGE(AU9:AZ9) -> 21.833333 | BB9: =MEDIAN(AU9:AZ9) -> 24.5 | BC9: =+(Q9-P9)/P9 -> -0.073825503 | BD9: =+(R9-Q9)/Q9 -> 0.2173913 | BE9: =+(S9-R9)/R9 -> 0.67857143 | BF9: =+(T9-S9)/S9 -> 0.074468085 | BG9: =+(U9-T9)/T9 -> -0.069306931 | BH9: =+(V9-U9)/U9 -> -0.13829787 | BI9: =+AVERAGE(BC9:BH9) -> 0.11483342 | BJ9: =MEDIAN(BC9:BH9) -> 0.0025805772 | BK9: =+Q9-P9 -> -11 | BL9: =+R9-Q9 -> 30 | BM9: =+S9-R9 -> 114 | BN9: =+T9-S9 -> 21 | BO9: =+U9-T9 -> -21 | BP9: =+V9-U9 -> -39 | BQ9: =+AVERAGE(BK9:BP9) -> 15.666667 | BR9: =MEDIAN(BK9:BP9) -> 5
A10: I63 | B10: 688 | C10: 677 | D10: 695 | E10: 949 | F10: 941 | G10: 883 | H10: 911 | I10: 336 | J10: 350 | K10: 360 | L10: 484 | M10: 516 | N10: 457 | O10: 455 | P10: 352 | Q10: 327 | R10: 335 | S10: 465 | T10: 425 | U10: 426 | V10: 456 | W10: =+(C10-B10)/B10 -> -0.015988372 | X10: =+(D10-C10)/C10 -> 0.026587888 | Y10: =+(E10-D10)/D10 -> 0.36546763 | Z10: =+(F10-E10)/E10 -> -0.0084299262 | AA10: =+(G10-F10)/F10 -> -0.061636557 | AB10: =+(H10-G10)/G10 -> 0.031710079 | AC10: =+AVERAGE(W10:AB10) -> 0.056285123 | AD10: =MEDIAN(W10:AB10) -> 0.0090789808 | AE10: =C10-B10 -> -11 | AF10: =D10-C10 -> 18 | AG10: =E10-D10 -> 254 | AH10: =F10-E10 -> -8 | AI10: =G10-F10 -> -58 | AJ10: =H10-G10 -> 28 | AK10: =+AVERAGE(AE10:AJ10) -> 37.166667 | AL10: =+MEDIAN(AE10:AJ10) -> 5 | AM10: =+(J10-I10)/I10 -> 0.041666667 | AN10: =+(K10-J10)/J10 -> 0.028571429 | AO10: =+(L10-K10)/K10 -> 0.34444444 | AP10: =+(M10-L10)/L10 -> 0.066115702 | AQ10: =+(N10-M10)/M10 -> -0.11434109 | AR10: =+(O10-N10)/N10 -> -0.0043763676 | AS10: =+AVERAGE(AM10:AR10) -> 0.060346798 | AT10: =+MEDIAN(AM10:AR10) -> 0.035119048 | AU10: =J10-I10 -> 14 | AV10: =K10-J10 -> 10 | AW10: =L10-K10 -> 124 | AX10: =M10-L10 -> 32 | AY10: =N10-M10 -> -59 | AZ10: =O10-N10 -> -2 | BA10: =+AVERAGE(AU10:AZ10) -> 19.833333 | BB10: =MEDIAN(AU10:AZ10) -> 12 | BC10: =+(Q10-P10)/P10 -> -0.071022727 | BD10: =+(R10-Q10)/Q10 -> 0.024464832 | BE10: =+(S10-R10)/R10 -> 0.3880597 | BF10: =+(T10-S10)/S10 -> -0.086021505 | BG10: =+(U10-T10)/T10 -> 0.0023529412 | BH10: =+(V10-U10)/U10 -> 0.070422535 | BI10: =+AVERAGE(BC10:BH10) -> 0.054709296 | BJ10: =MEDIAN(BC10:BH10) -> 0.013408886 | BK10: =+Q10-P10 -> -25 | BL10: =+R10-Q10 -> 8 | BM10: =+S10-R10 -> 130 | BN10: =+T10-S10 -> -40 | BO10: =+U10-T10 -> 1 | BP10: =+V10-U10 -> 30 | BQ10: =+AVERAGE(BK10:BP10) -> 17.333333 | BR10: =MEDIAN(BK10:BP10) -> 4.5
A11: N39 | B11: 260 | C11: 303 | D11: 316 | E11: 310 | F11: 366 | G11: 458 | H11: 479 | I11: 93 | J11: 111 | K11: 131 | L11: 131 | M11: 133 | N11: 163 | O11: 168 | P11: 167 | Q11: 192 | R11: 185 | S11: 179 | T11: 233 | U11: 295 | V11: 311 | W11: =+(C11-B11)/B11 -> 0.16538462 | X11: =+(D11-C11)/C11 -> 0.04290429 | Y11: =+(E11-D11)/D11 -> -0.018987342 | Z11: =+(F11-E11)/E11 -> 0.18064516 | AA11: =+(G11-F11)/F11 -> 0.25136612 | AB11: =+(H11-G11)/G11 -> 0.045851528 | AC11: =+AVERAGE(W11:AB11) -> 0.11119406 | AD11: =MEDIAN(W11:AB11) -> 0.10561807 | AE11: =C11-B11 -> 43 | AF11: =D11-C11 -> 13 | AG11: =E11-D11 -> -6 | AH11: =F11-E11 -> 56 | AI11: =G11-F11 -> 92 | AJ11: =H11-G11 -> 21 | AK11: =+AVERAGE(AE11:AJ11) -> 36.5 | AL11: =+MEDIAN(AE11:AJ11) -> 32 | AM11: =+(J11-I11)/I11 -> 0.19354839 | AN11: =+(K11-J11)/J11 -> 0.18018018 | AO11: =+(L11-K11)/K11 -> 0 | AP11: =+(M11-L11)/L11 -> 0.015267176 | AQ11: =+(N11-M11)/M11 -> 0.22556391 | AR11: =+(O11-N11)/N11 -> 0.030674847 | AS11: =+AVERAGE(AM11:AR11) -> 0.10753908 | AT11: =+MEDIAN(AM11:AR11) -> 0.10542751 | AU11: =J11-I11 -> 18 | AV11: =K11-J11 -> 20 | AW11: =L11-K11 -> 0 | AX11: =M11-L11 -> 2 | AY11: =N11-M11 -> 30 | AZ11: =O11-N11 -> 5 | BA11: =+AVERAGE(AU11:AZ11) -> 12.5 | BB11: =MEDIAN(AU11:AZ11) -> 11.5 | BC11: =+(Q11-P11)/P11 -> 0.1497006 | BD11: =+(R11-Q11)/Q11 -> -0.036458333 | BE11: =+(S11-R11)/R11 -> -0.032432432 | BF11: =+(T11-S11)/S11 -> 0.30167598 | BG11: =+(U11-T11)/T11 -> 0.26609442 | BH11: =+(V11-U11)/U11 -> 0.054237288 | BI11: =+AVERAGE(BC11:BH11) -> 0.11713625 | BJ11: =MEDIAN(BC11:BH11) -> 0.10196894 | BK11: =+Q11-P11 -> 25 | BL11: =+R11-Q11 -> -7 | BM11: =+S11-R11 -> -6 | BN11: =+T11-S11 -> 54 | BO11: =+U11-T11 -> 62 | BP11: =+V11-U11 -> 16 | BQ11: =+AVERAGE(BK11:BP11) -> 24 | BR11: =MEDIAN(BK11:BP11) -> 20.5
A12: J84 | B12: 764 | C12: 780 | D12: 857 | E12: 693 | F12: 863 | G12: 1012 | H12: 965 | I12: 400 | J12: 411 | K12: 457 | L12: 408 | M12: 489 | N12: 574 | O12: 536 | P12: 364 | Q12: 369 | R12: 400 | S12: 285 | T12: 374 | U12: 438 | V12: 429 | W12: =+(C12-B12)/B12 -> 0.020942408 | X12: =+(D12-C12)/C12 -> 0.098717949 | Y12: =+(E12-D12)/D12 -> -0.19136523 | Z12: =+(F12-E12)/E12 -> 0.24531025 | AA12: =+(G12-F12)/F12 -> 0.17265353 | AB12: =+(H12-G12)/G12 -> -0.046442688 | AC12: =+AVERAGE(W12:AB12) -> 0.04996937 | AD12: =MEDIAN(W12:AB12) -> 0.059830179 | AE12: =C12-B12 -> 16 | AF12: =D12-C12 -> 77 | AG12: =E12-D12 -> -164 | AH12: =F12-E12 -> 170 | AI12: =G12-F12 -> 149 | AJ12: =H12-G12 -> -47 | AK12: =+AVERAGE(AE12:AJ12) -> 33.5 | AL12: =+MEDIAN(AE12:AJ12) -> 46.5 | AM12: =+(J12-I12)/I12 -> 0.0275 | AN12: =+(K12-J12)/J12 -> 0.11192214 | AO12: =+(L12-K12)/K12 -> -0.10722101 | AP12: =+(M12-L12)/L12 -> 0.19852941 | AQ12: =+(N12-M12)/M12 -> 0.17382413 | AR12: =+(O12-N12)/N12 -> -0.066202091 | AS12: =+AVERAGE(AM12:AR12) -> 0.056392098 | AT12: =+MEDIAN(AM12:AR12) -> 0.069711071 | AU12: =J12-I12 -> 11 | AV12: =K12-J12 -> 46 | AW12: =L12-K12 -> -49 | AX12: =M12-L12 -> 81 | AY12: =N12-M12 -> 85 | AZ12: =O12-N12 -> -38 | BA12: =+AVERAGE(AU12:AZ12) -> 22.666667 | BB12: =MEDIAN(AU12:AZ12) -> 28.5 | BC12: =+(Q12-P12)/P12 -> 0.013736264 | BD12: =+(R12-Q12)/Q12 -> 0.08401084 | BE12: =+(S12-R12)/R12 -> -0.2875 | BF12: =+(T12-S12)/S12 -> 0.3122807 | BG12: =+(U12-T12)/T12 -> 0.17112299 | BH12: =+(V12-U12)/U12 -> -0.020547945 | BI12: =+AVERAGE(BC12:BH12) -> 0.045517143 | BJ12: =MEDIAN(BC12:BH12) -> 0.048873552 | BK12: =+Q12-P12 -> 5 | BL12: =+R12-Q12 -> 31 | BM12: =+S12-R12 -> -115 | BN12: =+T12-S12 -> 89 | BO12: =+U12-T12 -> 64 | BP12: =+V12-U12 -> -9 | BQ12: =+AVERAGE(BK12:BP12) -> 10.833333 | BR12: =MEDIAN(BK12:BP12) -> 18
A13: C22 | B13: 681 | C13: 764 | D13: 865 | E13: 744 | F13: 821 | G13: 841 | H13: 854 | I13: 328 | J13: 356 | K13: 424 | L13: 370 | M13: 386 | N13: 391 | O13: 415 | P13: 353 | Q13: 408 | R13: 441 | S13: 374 | T13: 435 | U13: 450 | V13: 439 | W13: =+(C13-B13)/B13 -> 0.12187959 | X13: =+(D13-C13)/C13 -> 0.13219895 | Y13: =+(E13-D13)/D13 -> -0.13988439 | Z13: =+(F13-E13)/E13 -> 0.10349462 | AA13: =+(G13-F13)/F13 -> 0.024360536 | AB13: =+(H13-G13)/G13 -> 0.015457788 | AC13: =+AVERAGE(W13:AB13) -> 0.042917849 | AD13: =MEDIAN(W13:AB13) -> 0.06392758 | AE13: =C13-B13 -> 83 | AF13: =D13-C13 -> 101 | AG13: =E13-D13 -> -121 | AH13: =F13-E13 -> 77 | AI13: =G13-F13 -> 20 | AJ13: =H13-G13 -> 13 | AK13: =+AVERAGE(AE13:AJ13) -> 28.833333 | AL13: =+MEDIAN(AE13:AJ13) -> 48.5 | AM13: =+(J13-I13)/I13 -> 0.085365854 | AN13: =+(K13-J13)/J13 -> 0.19101124 | AO13: =+(L13-K13)/K13 -> -0.12735849 | AP13: =+(M13-L13)/L13 -> 0.043243243 | AQ13: =+(N13-M13)/M13 -> 0.012953368 | AR13: =+(O13-N13)/N13 -> 0.061381074 | AS13: =+AVERAGE(AM13:AR13) -> 0.044432714 | AT13: =+MEDIAN(AM13:AR13) -> 0.052312159 | AU13: =J13-I13 -> 28 | AV13: =K13-J13 -> 68 | AW13: =L13-K13 -> -54 | AX13: =M13-L13 -> 16 | AY13: =N13-M13 -> 5 | AZ13: =O13-N13 -> 24 | BA13: =+AVERAGE(AU13:AZ13) -> 14.5 | BB13: =MEDIAN(AU13:AZ13) -> 20 | BC13: =+(Q13-P13)/P13 -> 0.15580737 | BD13: =+(R13-Q13)/Q13 -> 0.080882353 | BE13: =+(S13-R13)/R13 -> -0.15192744 | BF13: =+(T13-S13)/S13 -> 0.1631016 | BG13: =+(U13-T13)/T13 -> 0.034482759 | BH13: =+(V13-U13)/U13 -> -0.024444444 | BI13: =+AVERAGE(BC13:BH13) -> 0.0429837 | BJ13: =MEDIAN(BC13:BH13) -> 0.057682556 | BK13: =+Q13-P13 -> 55 | BL13: =+R13-Q13 -> 33 | BM13: =+S13-R13 -> -67 | BN13: =+T13-S13 -> 61 | BO13: =+U13-T13 -> 15 | BP13: =+V13-U13 -> -11 | BQ13: =+AVERAGE(BK13:BP13) -> 14.333333 | BR13: =MEDIAN(BK13:BP13) -> 24
A14: C61 | B14: 916 | C14: 963 | D14: 1027 | E14: 1228 | F14: 1152 | G14: 1132 | H14: 1084 | I14: 916 | J14: 963 | K14: 1027 | L14: 1228 | M14: 1152 | N14: 1132 | O14: 1084 | W14: =+(C14-B14)/B14 -> 0.051310044 | X14: =+(D14-C14)/C14 -> 0.066458982 | Y14: =+(E14-D14)/D14 -> 0.19571568 | Z14: =+(F14-E14)/E14 -> -0.061889251 | AA14: =+(G14-F14)/F14 -> -0.017361111 | AB14: =+(H14-G14)/G14 -> -0.042402827 | AC14: =+AVERAGE(W14:AB14) -> 0.031971919 | AD14: =MEDIAN(W14:AB14) -> 0.016974466 | AE14: =C14-B14 -> 47 | AF14: =D14-C14 -> 64 | AG14: =E14-D14 -> 201 | AH14: =F14-E14 -> -76 | AI14: =G14-F14 -> -20 | AJ14: =H14-G14 -> -48 | AK14: =+AVERAGE(AE14:AJ14) -> 28 | AL14: =+MEDIAN(AE14:AJ14) -> 13.5 | AM14: =+(J14-I14)/I14 -> 0.051310044 | AN14: =+(K14-J14)/J14 -> 0.066458982 | AO14: =+(L14-K14)/K14 -> 0.19571568 | AP14: =+(M14-L14)/L14 -> -0.061889251 | AQ14: =+(N14-M14)/M14 -> -0.017361111 | AR14: =+(O14-N14)/N14 -> -0.042402827 | AS14: =+AVERAGE(AM14:AR14) -> 0.031971919 | AT14: =+MEDIAN(AM14:AR14) -> 0.016974466 | AU14: =J14-I14 -> 47 | AV14: =K14-J14 -> 64 | AW14: =L14-K14 -> 201 | AX14: =M14-L14 -> -76 | AY14: =N14-M14 -> -20 | AZ14: =O14-N14 -> -48 | BA14: =+AVERAGE(AU14:AZ14) -> 28 | BB14: =MEDIAN(AU14:AZ14) -> 13.5 | BC14: =+(Q14-P14)/P14 -> #DIV/0! | BD14: =+(R14-Q14)/Q14 -> #DIV/0! | BE14: =+(S14-R14)/R14 -> #DIV/0! | BF14: =+(T14-S14)/S14 -> #DIV/0! | BG14: =+(U14-T14)/T14 -> #DIV/0! | BH14: =+(V14-U14)/U14 -> #DIV/0! | BI14: =+AVERAGE(BC14:BH14) -> #DIV/0! | BJ14: =MEDIAN(BC14:BH14) -> #DIV/0! | BK14: =+Q14-P14 -> 0 | BL14: =+R14-Q14 -> 0 | BM14: =+S14-R14 -> 0 | BN14: =+T14-S14 -> 0 | BO14: =+U14-T14 -> 0 | BP14: =+V14-U14 -> 0 | BQ14: =+AVERAGE(BK14:BP14) -> 0 | BR14: =MEDIAN(BK14:BP14) -> 0
A15: C16 | B15: 1617 | C15: 1687 | D15: 1705 | E15: 1753 | F15: 1739 | G15: 1791 | H15: 1782 | I15: 957 | J15: 948 | K15: 942 | L15: 987 | M15: 986 | N15: 968 | O15: 1019 | P15: 660 | Q15: 739 | R15: 763 | S15: 766 | T15: 753 | U15: 823 | V15: 763 | W15: =+(C15-B15)/B15 -> 0.043290043 | X15: =+(D15-C15)/C15 -> 0.010669828 | Y15: =+(E15-D15)/D15 -> 0.028152493 | Z15: =+(F15-E15)/E15 -> -0.0079863092 | AA15: =+(G15-F15)/F15 -> 0.029902243 | AB15: =+(H15-G15)/G15 -> -0.0050251256 | AC15: =+AVERAGE(W15:AB15) -> 0.016500529 | AD15: =MEDIAN(W15:AB15) -> 0.01941116 | AE15: =C15-B15 -> 70 | AF15: =D15-C15 -> 18 | AG15: =E15-D15 -> 48 | AH15: =F15-E15 -> -14 | AI15: =G15-F15 -> 52 | AJ15: =H15-G15 -> -9 | AK15: =+AVERAGE(AE15:AJ15) -> 27.5 | AL15: =+MEDIAN(AE15:AJ15) -> 33 | AM15: =+(J15-I15)/I15 -> -0.0094043887 | AN15: =+(K15-J15)/J15 -> -0.0063291139 | AO15: =+(L15-K15)/K15 -> 0.047770701 | AP15: =+(M15-L15)/L15 -> -0.0010131712 | AQ15: =+(N15-M15)/M15 -> -0.018255578 | AR15: =+(O15-N15)/N15 -> 0.05268595 | AS15: =+AVERAGE(AM15:AR15) -> 0.010909067 | AT15: =+MEDIAN(AM15:AR15) -> -0.0036711426 | AU15: =J15-I15 -> -9 | AV15: =K15-J15 -> -6 | AW15: =L15-K15 -> 45 | AX15: =M15-L15 -> -1 | AY15: =N15-M15 -> -18 | AZ15: =O15-N15 -> 51 | BA15: =+AVERAGE(AU15:AZ15) -> 10.333333 | BB15: =MEDIAN(AU15:AZ15) -> -3.5 | BC15: =+(Q15-P15)/P15 -> 0.11969697 | BD15: =+(R15-Q15)/Q15 -> 0.032476319 | BE15: =+(S15-R15)/R15 -> 0.003931848 | BF15: =+(T15-S15)/S15 -> -0.016971279 | BG15: =+(U15-T15)/T15 -> 0.092961487 | BH15: =+(V15-U15)/U15 -> -0.07290401 | BI15: =+AVERAGE(BC15:BH15) -> 0.026531889 | BJ15: =MEDIAN(BC15:BH15) -> 0.018204084 | BK15: =+Q15-P15 -> 79 | BL15: =+R15-Q15 -> 24 | BM15: =+S15-R15 -> 3 | BN15: =+T15-S15 -> -13 | BO15: =+U15-T15 -> 70 | BP15: =+V15-U15 -> -60 | BQ15: =+AVERAGE(BK15:BP15) -> 17.166667 | BR15: =MEDIAN(BK15:BP15) -> 13.5
A16: C18 | B16: 640 | C16: 633 | D16: 658 | E16: 689 | F16: 755 | G16: 737 | H16: 798 | I16: 299 | J16: 304 | K16: 307 | L16: 327 | M16: 353 | N16: 334 | O16: 373 | P16: 341 | Q16: 329 | R16: 351 | S16: 362 | T16: 402 | U16: 403 | V16: 425 | W16: =+(C16-B16)/B16 -> -0.0109375 | X16: =+(D16-C16)/C16 -> 0.039494471 | Y16: =+(E16-D16)/D16 -> 0.047112462 | Z16: =+(F16-E16)/E16 -> 0.095791001 | AA16: =+(G16-F16)/F16 -> -0.02384106 | AB16: =+(H16-G16)/G16 -> 0.082767978 | AC16: =+AVERAGE(W16:AB16) -> 0.038397892 | AD16: =MEDIAN(W16:AB16) -> 0.043303466 | AE16: =C16-B16 -> -7 | AF16: =D16-C16 -> 25 | AG16: =E16-D16 -> 31 | AH16: =F16-E16 -> 66 | AI16: =G16-F16 -> -18 | AJ16: =H16-G16 -> 61 | AK16: =+AVERAGE(AE16:AJ16) -> 26.333333 | AL16: =+MEDIAN(AE16:AJ16) -> 28 | AM16: =+(J16-I16)/I16 -> 0.016722408 | AN16: =+(K16-J16)/J16 -> 0.0098684211 | AO16: =+(L16-K16)/K16 -> 0.06514658 | AP16: =+(M16-L16)/L16 -> 0.079510703 | AQ16: =+(N16-M16)/M16 -> -0.053824363 | AR16: =+(O16-N16)/N16 -> 0.11676647 | AS16: =+AVERAGE(AM16:AR16) -> 0.039031703 | AT16: =+MEDIAN(AM16:AR16) -> 0.040934494 | AU16: =J16-I16 -> 5 | AV16: =K16-J16 -> 3 | AW16: =L16-K16 -> 20 | AX16: =M16-L16 -> 26 | AY16: =N16-M16 -> -19 | AZ16: =O16-N16 -> 39 | BA16: =+AVERAGE(AU16:AZ16) -> 12.333333 | BB16: =MEDIAN(AU16:AZ16) -> 12.5 | BC16: =+(Q16-P16)/P16 -> -0.035190616 | BD16: =+(R16-Q16)/Q16 -> 0.066869301 | BE16: =+(S16-R16)/R16 -> 0.031339031 | BF16: =+(T16-S16)/S16 -> 0.11049724 | BG16: =+(U16-T16)/T16 -> 0.0024875622 | BH16: =+(V16-U16)/U16 -> 0.054590571 | BI16: =+AVERAGE(BC16:BH16) -> 0.038432181 | BJ16: =MEDIAN(BC16:BH16) -> 0.042964801 | BK16: =+Q16-P16 -> -12 | BL16: =+R16-Q16 -> 22 | BM16: =+S16-R16 -> 11 | BN16: =+T16-S16 -> 40 | BO16: =+U16-T16 -> 1 | BP16: =+V16-U16 -> 22 | BQ16: =+AVERAGE(BK16:BP16) -> 14 | BR16: =MEDIAN(BK16:BP16) -> 16.5
A17: E10 | B17: 269 | C17: 303 | D17: 368 | E17: 608 | F17: 561 | G17: 467 | H17: 423 | I17: 129 | J17: 143 | K17: 167 | L17: 320 | M17: 283 | N17: 217 | O17: 195 | P17: 140 | Q17: 160 | R17: 201 | S17: 288 | T17: 278 | U17: 250 | V17: 228 | W17: =+(C17-B17)/B17 -> 0.12639405 | X17: =+(D17-C17)/C17 -> 0.21452145 | Y17: =+(E17-D17)/D17 -> 0.65217391 | Z17: =+(F17-E17)/E17 -> -0.077302632 | AA17: =+(G17-F17)/F17 -> -0.16755793 | AB17: =+(H17-G17)/G17 -> -0.094218415 | AC17: =+AVERAGE(W17:AB17) -> 0.10900174 | AD17: =MEDIAN(W17:AB17) -> 0.02454571 | AE17: =C17-B17 -> 34 | AF17: =D17-C17 -> 65 | AG17: =E17-D17 -> 240 | AH17: =F17-E17 -> -47 | AI17: =G17-F17 -> -94 | AJ17: =H17-G17 -> -44 | AK17: =+AVERAGE(AE17:AJ17) -> 25.666667 | AL17: =+MEDIAN(AE17:AJ17) -> -5 | AM17: =+(J17-I17)/I17 -> 0.10852713 | AN17: =+(K17-J17)/J17 -> 0.16783217 | AO17: =+(L17-K17)/K17 -> 0.91616766 | AP17: =+(M17-L17)/L17 -> -0.115625 | AQ17: =+(N17-M17)/M17 -> -0.23321555 | AR17: =+(O17-N17)/N17 -> -0.10138249 | AS17: =+AVERAGE(AM17:AR17) -> 0.12371732 | AT17: =+MEDIAN(AM17:AR17) -> 0.0035723217 | AU17: =J17-I17 -> 14 | AV17: =K17-J17 -> 24 | AW17: =L17-K17 -> 153 | AX17: =M17-L17 -> -37 | AY17: =N17-M17 -> -66 | AZ17: =O17-N17 -> -22 | BA17: =+AVERAGE(AU17:AZ17) -> 11 | BB17: =MEDIAN(AU17:AZ17) -> -4 | BC17: =+(Q17-P17)/P17 -> 0.14285714 | BD17: =+(R17-Q17)/Q17 -> 0.25625 | BE17: =+(S17-R17)/R17 -> 0.43283582 | BF17: =+(T17-S17)/S17 -> -0.034722222 | BG17: =+(U17-T17)/T17 -> -0.10071942 | BH17: =+(V17-U17)/U17 -> -0.088 | BI17: =+AVERAGE(BC17:BH17) -> 0.10141689 | BJ17: =MEDIAN(BC17:BH17) -> 0.05406746 | BK17: =+Q17-P17 -> 20 | BL17: =+R17-Q17 -> 41 | BM17: =+S17-R17 -> 87 | BN17: =+T17-S17 -> -10 | BO17: =+U17-T17 -> -28 | BP17: =+V17-U17 -> -22 | BQ17: =+AVERAGE(BK17:BP17) -> 14.666667 | BR17: =MEDIAN(BK17:BP17) -> 5
A18: N17 | B18: 157 | C18: 177 | D18: 230 | E18: 315 | F18: 373 | G18: 391 | H18: 309 | I18: 91 | J18: 100 | K18: 129 | L18: 164 | M18: 206 | N18: 206 | O18: 165 | P18: 66 | Q18: 77 | R18: 101 | S18: 151 | T18: 167 | U18: 185 | V18: 144 | W18: =+(C18-B18)/B18 -> 0.12738854 | X18: =+(D18-C18)/C18 -> 0.29943503 | Y18: =+(E18-D18)/D18 -> 0.36956522 | Z18: =+(F18-E18)/E18 -> 0.18412698 | AA18: =+(G18-F18)/F18 -> 0.048257373 | AB18: =+(H18-G18)/G18 -> -0.20971867 | AC18: =+AVERAGE(W18:AB18) -> 0.13650908 | AD18: =MEDIAN(W18:AB18) -> 0.15575776 | AE18: =C18-B18 -> 20 | AF18: =D18-C18 -> 53 | AG18: =E18-D18 -> 85 | AH18: =F18-E18 -> 58 | AI18: =G18-F18 -> 18 | AJ18: =H18-G18 -> -82 | AK18: =+AVERAGE(AE18:AJ18) -> 25.333333 | AL18: =+MEDIAN(AE18:AJ18) -> 36.5 | AM18: =+(J18-I18)/I18 -> 0.098901099 | AN18: =+(K18-J18)/J18 -> 0.29 | AO18: =+(L18-K18)/K18 -> 0.27131783 | AP18: =+(M18-L18)/L18 -> 0.25609756 | AQ18: =+(N18-M18)/M18 -> 0 | AR18: =+(O18-N18)/N18 -> -0.19902913 | AS18: =+AVERAGE(AM18:AR18) -> 0.11954789 | AT18: =+MEDIAN(AM18:AR18) -> 0.17749933 | AU18: =J18-I18 -> 9 | AV18: =K18-J18 -> 29 | AW18: =L18-K18 -> 35 | AX18: =M18-L18 -> 42 | AY18: =N18-M18 -> 0 | AZ18: =O18-N18 -> -41 | BA18: =+AVERAGE(AU18:AZ18) -> 12.333333 | BB18: =MEDIAN(AU18:AZ18) -> 19 | BC18: =+(Q18-P18)/P18 -> 0.16666667 | BD18: =+(R18-Q18)/Q18 -> 0.31168831 | BE18: =+(S18-R18)/R18 -> 0.4950495 | BF18: =+(T18-S18)/S18 -> 0.10596026 | BG18: =+(U18-T18)/T18 -> 0.10778443 | BH18: =+(V18-U18)/U18 -> -0.22162162 | BI18: =+AVERAGE(BC18:BH18) -> 0.16092126 | BJ18: =MEDIAN(BC18:BH18) -> 0.13722555 | BK18: =+Q18-P18 -> 11 | BL18: =+R18-Q18 -> 24 | BM18: =+S18-R18 -> 50 | BN18: =+T18-S18 -> 16 | BO18: =+U18-T18 -> 18 | BP18: =+V18-U18 -> -41 | BQ18: =+AVERAGE(BK18:BP18) -> 13 | BR18: =MEDIAN(BK18:BP18) -> 17
A19: C50 | B19: 670 | C19: 721 | D19: 759 | E19: 746 | F19: 760 | G19: 751 | H19: 820 | I19: 3 | J19: 4 | K19: 2 | L19: 10 | M19: 1 | N19: 3 | O19: 3 | P19: 667 | Q19: 717 | R19: 757 | S19: 736 | T19: 759 | U19: 748 | V19: 817 | W19: =+(C19-B19)/B19 -> 0.076119403 | X19: =+(D19-C19)/C19 -> 0.052704577 | Y19: =+(E19-D19)/D19 -> -0.0171278 | Z19: =+(F19-E19)/E19 -> 0.018766756 | AA19: =+(G19-F19)/F19 -> -0.011842105 | AB19: =+(H19-G19)/G19 -> 0.091877497 | AC19: =+AVERAGE(W19:AB19) -> 0.035083055 | AD19: =MEDIAN(W19:AB19) -> 0.035735667 | AE19: =C19-B19 -> 51 | AF19: =D19-C19 -> 38 | AG19: =E19-D19 -> -13 | AH19: =F19-E19 -> 14 | AI19: =G19-F19 -> -9 | AJ19: =H19-G19 -> 69 | AK19: =+AVERAGE(AE19:AJ19) -> 25 | AL19: =+MEDIAN(AE19:AJ19) -> 26 | AM19: =+(J19-I19)/I19 -> 0.33333333 | AN19: =+(K19-J19)/J19 -> -0.5 | AO19: =+(L19-K19)/K19 -> 4 | AP19: =+(M19-L19)/L19 -> -0.9 | AQ19: =+(N19-M19)/M19 -> 2 | AR19: =+(O19-N19)/N19 -> 0 | AS19: =+AVERAGE(AM19:AR19) -> 0.82222222 | AT19: =+MEDIAN(AM19:AR19) -> 0.16666667 | AU19: =J19-I19 -> 1 | AV19: =K19-J19 -> -2 | AW19: =L19-K19 -> 8 | AX19: =M19-L19 -> -9 | AY19: =N19-M19 -> 2 | AZ19: =O19-N19 -> 0 | BA19: =+AVERAGE(AU19:AZ19) -> 0 | BB19: =MEDIAN(AU19:AZ19) -> 0.5 | BC19: =+(Q19-P19)/P19 -> 0.074962519 | BD19: =+(R19-Q19)/Q19 -> 0.055788006 | BE19: =+(S19-R19)/R19 -> -0.027741083 | BF19: =+(T19-S19)/S19 -> 0.03125 | BG19: =+(U19-T19)/T19 -> -0.014492754 | BH19: =+(V19-U19)/U19 -> 0.092245989 | BI19: =+AVERAGE(BC19:BH19) -> 0.035335446 | BJ19: =MEDIAN(BC19:BH19) -> 0.043519003 | BK19: =+Q19-P19 -> 50 | BL19: =+R19-Q19 -> 40 | BM19: =+S19-R19 -> -21 | BN19: =+T19-S19 -> 23 | BO19: =+U19-T19 -> -11 | BP19: =+V19-U19 -> 69 | BQ19: =+AVERAGE(BK19:BP19) -> 25 | BR19: =MEDIAN(BK19:BP19) -> 31.5
A20: J15 | B20: 690 | C20: 768 | D20: 796 | E20: 667 | F20: 904 | G20: 852 | H20: 839 | I20: 363 | J20: 376 | K20: 390 | L20: 386 | M20: 509 | N20: 475 | O20: 438 | P20: 327 | Q20: 392 | R20: 406 | S20: 281 | T20: 395 | U20: 377 | V20: 401 | W20: =+(C20-B20)/B20 -> 0.11304348 | X20: =+(D20-C20)/C20 -> 0.036458333 | Y20: =+(E20-D20)/D20 -> -0.1620603 | Z20: =+(F20-E20)/E20 -> 0.35532234 | AA20: =+(G20-F20)/F20 -> -0.057522124 | AB20: =+(H20-G20)/G20 -> -0.015258216 | AC20: =+AVERAGE(W20:AB20) -> 0.044997252 | AD20: =MEDIAN(W20:AB20) -> 0.010600059 | AE20: =C20-B20 -> 78 | AF20: =D20-C20 -> 28 | AG20: =E20-D20 -> -129 | AH20: =F20-E20 -> 237 | AI20: =G20-F20 -> -52 | AJ20: =H20-G20 -> -13 | AK20: =+AVERAGE(AE20:AJ20) -> 24.833333 | AL20: =+MEDIAN(AE20:AJ20) -> 7.5 | AM20: =+(J20-I20)/I20 -> 0.035812672 | AN20: =+(K20-J20)/J20 -> 0.037234043 | AO20: =+(L20-K20)/K20 -> -0.01025641 | AP20: =+(M20-L20)/L20 -> 0.31865285 | AQ20: =+(N20-M20)/M20 -> -0.066797642 | AR20: =+(O20-N20)/N20 -> -0.077894737 | AS20: =+AVERAGE(AM20:AR20) -> 0.039458462 | AT20: =+MEDIAN(AM20:AR20) -> 0.012778131 | AU20: =J20-I20 -> 13 | AV20: =K20-J20 -> 14 | AW20: =L20-K20 -> -4 | AX20: =M20-L20 -> 123 | AY20: =N20-M20 -> -34 | AZ20: =O20-N20 -> -37 | BA20: =+AVERAGE(AU20:AZ20) -> 12.5 | BB20: =MEDIAN(AU20:AZ20) -> 4.5 | BC20: =+(Q20-P20)/P20 -> 0.19877676 | BD20: =+(R20-Q20)/Q20 -> 0.035714286 | BE20: =+(S20-R20)/R20 -> -0.30788177 | BF20: =+(T20-S20)/S20 -> 0.40569395 | BG20: =+(U20-T20)/T20 -> -0.04556962 | BH20: =+(V20-U20)/U20 -> 0.063660477 | BI20: =+AVERAGE(BC20:BH20) -> 0.058399013 | BJ20: =MEDIAN(BC20:BH20) -> 0.049687382 | BK20: =+Q20-P20 -> 65 | BL20: =+R20-Q20 -> 14 | BM20: =+S20-R20 -> -125 | BN20: =+T20-S20 -> 114 | BO20: =+U20-T20 -> -18 | BP20: =+V20-U20 -> 24 | BQ20: =+AVERAGE(BK20:BP20) -> 12.333333 | BR20: =MEDIAN(BK20:BP20) -> 19
A21: K70 | B21: 309 | C21: 307 | D21: 350 | E21: 336 | F21: 346 | G21: 386 | H21: 453 | I21: 277 | J21: 279 | K21: 315 | L21: 303 | M21: 308 | N21: 349 | O21: 413 | P21: 32 | Q21: 28 | R21: 35 | S21: 33 | T21: 38 | U21: 37 | V21: 40 | W21: =+(C21-B21)/B21 -> -0.0064724919 | X21: =+(D21-C21)/C21 -> 0.14006515 | Y21: =+(E21-D21)/D21 -> -0.04 | Z21: =+(F21-E21)/E21 -> 0.029761905 | AA21: =+(G21-F21)/F21 -> 0.11560694 | AB21: =+(H21-G21)/G21 -> 0.17357513 | AC21: =+AVERAGE(W21:AB21) -> 0.068756104 | AD21: =MEDIAN(W21:AB21) -> 0.072684421 | AE21: =C21-B21 -> -2 | AF21: =D21-C21 -> 43 | AG21: =E21-D21 -> -14 | AH21: =F21-E21 -> 10 | AI21: =G21-F21 -> 40 | AJ21: =H21-G21 -> 67 | AK21: =+AVERAGE(AE21:AJ21) -> 24 | AL21: =+MEDIAN(AE21:AJ21) -> 25 | AM21: =+(J21-I21)/I21 -> 0.0072202166 | AN21: =+(K21-J21)/J21 -> 0.12903226 | AO21: =+(L21-K21)/K21 -> -0.038095238 | AP21: =+(M21-L21)/L21 -> 0.01650165 | AQ21: =+(N21-M21)/M21 -> 0.13311688 | AR21: =+(O21-N21)/N21 -> 0.18338109 | AS21: =+AVERAGE(AM21:AR21) -> 0.071859476 | AT21: =+MEDIAN(AM21:AR21) -> 0.072766954 | AU21: =J21-I21 -> 2 | AV21: =K21-J21 -> 36 | AW21: =L21-K21 -> -12 | AX21: =M21-L21 -> 5 | AY21: =N21-M21 -> 41 | AZ21: =O21-N21 -> 64 | BA21: =+AVERAGE(AU21:AZ21) -> 22.666667 | BB21: =MEDIAN(AU21:AZ21) -> 20.5 | BC21: =+(Q21-P21)/P21 -> -0.125 | BD21: =+(R21-Q21)/Q21 -> 0.25 | BE21: =+(S21-R21)/R21 -> -0.057142857 | BF21: =+(T21-S21)/S21 -> 0.15151515 | BG21: =+(U21-T21)/T21 -> -0.026315789 | BH21: =+(V21-U21)/U21 -> 0.081081081 | BI21: =+AVERAGE(BC21:BH21) -> 0.045689598 | BJ21: =MEDIAN(BC21:BH21) -> 0.027382646 | BK21: =+Q21-P21 -> -4 | BL21: =+R21-Q21 -> 7 | BM21: =+S21-R21 -> -2 | BN21: =+T21-S21 -> 5 | BO21: =+U21-T21 -> -1 | BP21: =+V21-U21 -> 3 | BQ21: =+AVERAGE(BK21:BP21) -> 1.3333333 | BR21: =MEDIAN(BK21:BP21) -> 1
A22: C53 | B22: 421 | C22: 440 | D22: 490 | E22: 513 | F22: 505 | G22: 457 | H22: 561 | P22: 421 | Q22: 440 | R22: 490 | S22: 513 | T22: 505 | U22: 457 | V22: 561 | W22: =+(C22-B22)/B22 -> 0.045130641 | X22: =+(D22-C22)/C22 -> 0.11363636 | Y22: =+(E22-D22)/D22 -> 0.046938776 | Z22: =+(F22-E22)/E22 -> -0.015594542 | AA22: =+(G22-F22)/F22 -> -0.095049505 | AB22: =+(H22-G22)/G22 -> 0.22757112 | AC22: =+AVERAGE(W22:AB22) -> 0.053772142 | AD22: =MEDIAN(W22:AB22) -> 0.046034708 | AE22: =C22-B22 -> 19 | AF22: =D22-C22 -> 50 | AG22: =E22-D22 -> 23 | AH22: =F22-E22 -> -8 | AI22: =G22-F22 -> -48 | AJ22: =H22-G22 -> 104 | AK22: =+AVERAGE(AE22:AJ22) -> 23.333333 | AL22: =+MEDIAN(AE22:AJ22) -> 21 | AM22: =+(J22-I22)/I22 -> #DIV/0! | AN22: =+(K22-J22)/J22 -> #DIV/0! | AO22: =+(L22-K22)/K22 -> #DIV/0! | AP22: =+(M22-L22)/L22 -> #DIV/0! | AQ22: =+(N22-M22)/M22 -> #DIV/0! | AR22: =+(O22-N22)/N22 -> #DIV/0! | AS22: =+AVERAGE(AM22:AR22) -> #DIV/0! | AT22: =+MEDIAN(AM22:AR22) -> #DIV/0! | AU22: =J22-I22 -> 0 | AV22: =K22-J22 -> 0 | AW22: =L22-K22 -> 0 | AX22: =M22-L22 -> 0 | AY22: =N22-M22 -> 0 | AZ22: =O22-N22 -> 0 | BA22: =+AVERAGE(AU22:AZ22) -> 0 | BB22: =MEDIAN(AU22:AZ22) -> 0 | BC22: =+(Q22-P22)/P22 -> 0.045130641 | BD22: =+(R22-Q22)/Q22 -> 0.11363636 | BE22: =+(S22-R22)/R22 -> 0.046938776 | BF22: =+(T22-S22)/S22 -> -0.015594542 | BG22: =+(U22-T22)/T22 -> -0.095049505 | BH22: =+(V22-U22)/U22 -> 0.22757112 | BI22: =+AVERAGE(BC22:BH22) -> 0.053772142 | BJ22: =MEDIAN(BC22:BH22) -> 0.046034708 | BK22: =+Q22-P22 -> 19 | BL22: =+R22-Q22 -> 50 | BM22: =+S22-R22 -> 23 | BN22: =+T22-S22 -> -8 | BO22: =+U22-T22 -> -48 | BP22: =+V22-U22 -> 104 | BQ22: =+AVERAGE(BK22:BP22) -> 23.333333 | BR22: =MEDIAN(BK22:BP22) -> 21
A23: I25 | B23: 299 | C23: 232 | D23: 296 | E23: 473 | F23: 352 | G23: 374 | H23: 424 | I23: 180 | J23: 143 | K23: 167 | L23: 289 | M23: 205 | N23: 206 | O23: 269 | P23: 119 | Q23: 89 | R23: 129 | S23: 184 | T23: 147 | U23: 168 | V23: 155 | W23: =+(C23-B23)/B23 -> -0.22408027 | X23: =+(D23-C23)/C23 -> 0.27586207 | Y23: =+(E23-D23)/D23 -> 0.59797297 | Z23: =+(F23-E23)/E23 -> -0.25581395 | AA23: =+(G23-F23)/F23 -> 0.0625 | AB23: =+(H23-G23)/G23 -> 0.13368984 | AC23: =+AVERAGE(W23:AB23) -> 0.09835511 | AD23: =MEDIAN(W23:AB23) -> 0.09809492 | AE23: =C23-B23 -> -67 | AF23: =D23-C23 -> 64 | AG23: =E23-D23 -> 177 | AH23: =F23-E23 -> -121 | AI23: =G23-F23 -> 22 | AJ23: =H23-G23 -> 50 | AK23: =+AVERAGE(AE23:AJ23) -> 20.833333 | AL23: =+MEDIAN(AE23:AJ23) -> 36 | AM23: =+(J23-I23)/I23 -> -0.20555556 | AN23: =+(K23-J23)/J23 -> 0.16783217 | AO23: =+(L23-K23)/K23 -> 0.73053892 | AP23: =+(M23-L23)/L23 -> -0.29065744 | AQ23: =+(N23-M23)/M23 -> 0.0048780488 | AR23: =+(O23-N23)/N23 -> 0.30582524 | AS23: =+AVERAGE(AM23:AR23) -> 0.11881023 | AT23: =+MEDIAN(AM23:AR23) -> 0.086355108 | AU23: =J23-I23 -> -37 | AV23: =K23-J23 -> 24 | AW23: =L23-K23 -> 122 | AX23: =M23-L23 -> -84 | AY23: =N23-M23 -> 1 | AZ23: =O23-N23 -> 63 | BA23: =+AVERAGE(AU23:AZ23) -> 14.833333 | BB23: =MEDIAN(AU23:AZ23) -> 12.5 | BC23: =+(Q23-P23)/P23 -> -0.25210084 | BD23: =+(R23-Q23)/Q23 -> 0.4494382 | BE23: =+(S23-R23)/R23 -> 0.42635659 | BF23: =+(T23-S23)/S23 -> -0.20108696 | BG23: =+(U23-T23)/T23 -> 0.14285714 | BH23: =+(V23-U23)/U23 -> -0.077380952 | BI23: =+AVERAGE(BC23:BH23) -> 0.081347198 | BJ23: =MEDIAN(BC23:BH23) -> 0.032738095 | BK23: =+Q23-P23 -> -30 | BL23: =+R23-Q23 -> 40 | BM23: =+S23-R23 -> 55 | BN23: =+T23-S23 -> -37 | BO23: =+U23-T23 -> 21 | BP23: =+V23-U23 -> -13 | BQ23: =+AVERAGE(BK23:BP23) -> 6 | BR23: =MEDIAN(BK23:BP23) -> 4
A24: E87 | B24: 113 | C24: 143 | D24: 132 | E24: 292 | F24: 250 | G24: 246 | H24: 233 | I24: 52 | J24: 66 | K24: 61 | L24: 153 | M24: 125 | N24: 118 | O24: 128 | P24: 61 | Q24: 77 | R24: 71 | S24: 139 | T24: 125 | U24: 128 | V24: 105 | W24: =+(C24-B24)/B24 -> 0.26548673 | X24: =+(D24-C24)/C24 -> -0.076923077 | Y24: =+(E24-D24)/D24 -> 1.2121212 | Z24: =+(F24-E24)/E24 -> -0.14383562 | AA24: =+(G24-F24)/F24 -> -0.016 | AB24: =+(H24-G24)/G24 -> -0.052845528 | AC24: =+AVERAGE(W24:AB24) -> 0.19800062 | AD24: =MEDIAN(W24:AB24) -> -0.034422764 | AE24: =C24-B24 -> 30 | AF24: =D24-C24 -> -11 | AG24: =E24-D24 -> 160 | AH24: =F24-E24 -> -42 | AI24: =G24-F24 -> -4 | AJ24: =H24-G24 -> -13 | AK24: =+AVERAGE(AE24:AJ24) -> 20 | AL24: =+MEDIAN(AE24:AJ24) -> -7.5 | AM24: =+(J24-I24)/I24 -> 0.26923077 | AN24: =+(K24-J24)/J24 -> -0.075757576 | AO24: =+(L24-K24)/K24 -> 1.5081967 | AP24: =+(M24-L24)/L24 -> -0.18300654 | AQ24: =+(N24-M24)/M24 -> -0.056 | AR24: =+(O24-N24)/N24 -> 0.084745763 | AS24: =+AVERAGE(AM24:AR24) -> 0.25790152 | AT24: =+MEDIAN(AM24:AR24) -> 0.014372881 | AU24: =J24-I24 -> 14 | AV24: =K24-J24 -> -5 | AW24: =L24-K24 -> 92 | AX24: =M24-L24 -> -28 | AY24: =N24-M24 -> -7 | AZ24: =O24-N24 -> 10 | BA24: =+AVERAGE(AU24:AZ24) -> 12.666667 | BB24: =MEDIAN(AU24:AZ24) -> 2.5 | BC24: =+(Q24-P24)/P24 -> 0.26229508 | BD24: =+(R24-Q24)/Q24 -> -0.077922078 | BE24: =+(S24-R24)/R24 -> 0.95774648 | BF24: =+(T24-S24)/S24 -> -0.10071942 | BG24: =+(U24-T24)/T24 -> 0.024 | BH24: =+(V24-U24)/U24 -> -0.1796875 | BI24: =+AVERAGE(BC24:BH24) -> 0.14761876 | BJ24: =MEDIAN(BC24:BH24) -> -0.026961039 | BK24: =+Q24-P24 -> 16 | BL24: =+R24-Q24 -> -6 | BM24: =+S24-R24 -> 68 | BN24: =+T24-S24 -> -14 | BO24: =+U24-T24 -> 3 | BP24: =+V24-U24 -> -23 | BQ24: =+AVERAGE(BK24:BP24) -> 7.3333333 | BR24: =MEDIAN(BK24:BP24) -> -1.5
A25: I49 | B25: 79 | C25: 117 | D25: 107 | E25: 227 | F25: 138 | G25: 196 | H25: 181 | I25: 38 | J25: 61 | K25: 54 | L25: 129 | M25: 73 | N25: 97 | O25: 88 | P25: 41 | Q25: 56 | R25: 53 | S25: 98 | T25: 65 | U25: 99 | V25: 93 | W25: =+(C25-B25)/B25 -> 0.48101266 | X25: =+(D25-C25)/C25 -> -0.085470085 | Y25: =+(E25-D25)/D25 -> 1.1214953 | Z25: =+(F25-E25)/E25 -> -0.39207048 | AA25: =+(G25-F25)/F25 -> 0.42028986 | AB25: =+(H25-G25)/G25 -> -0.076530612 | AC25: =+AVERAGE(W25:AB25) -> 0.24478778 | AD25: =MEDIAN(W25:AB25) -> 0.17187962 | AE25: =C25-B25 -> 38 | AF25: =D25-C25 -> -10 | AG25: =E25-D25 -> 120 | AH25: =F25-E25 -> -89 | AI25: =G25-F25 -> 58 | AJ25: =H25-G25 -> -15 | AK25: =+AVERAGE(AE25:AJ25) -> 17 | AL25: =+MEDIAN(AE25:AJ25) -> 14 | AM25: =+(J25-I25)/I25 -> 0.60526316 | AN25: =+(K25-J25)/J25 -> -0.1147541 | AO25: =+(L25-K25)/K25 -> 1.3888889 | AP25: =+(M25-L25)/L25 -> -0.43410853 | AQ25: =+(N25-M25)/M25 -> 0.32876712 | AR25: =+(O25-N25)/N25 -> -0.092783505 | AS25: =+AVERAGE(AM25:AR25) -> 0.28021217 | AT25: =+MEDIAN(AM25:AR25) -> 0.11799181 | AU25: =J25-I25 -> 23 | AV25: =K25-J25 -> -7 | AW25: =L25-K25 -> 75 | AX25: =M25-L25 -> -56 | AY25: =N25-M25 -> 24 | AZ25: =O25-N25 -> -9 | BA25: =+AVERAGE(AU25:AZ25) -> 8.3333333 | BB25: =MEDIAN(AU25:AZ25) -> 8 | BC25: =+(Q25-P25)/P25 -> 0.36585366 | BD25: =+(R25-Q25)/Q25 -> -0.053571429 | BE25: =+(S25-R25)/R25 -> 0.8490566 | BF25: =+(T25-S25)/S25 -> -0.33673469 | BG25: =+(U25-T25)/T25 -> 0.52307692 | BH25: =+(V25-U25)/U25 -> -0.060606061 | BI25: =+AVERAGE(BC25:BH25) -> 0.2145125 | BJ25: =MEDIAN(BC25:BH25) -> 0.15614111 | BK25: =+Q25-P25 -> 15 | BL25: =+R25-Q25 -> -3 | BM25: =+S25-R25 -> 45 | BN25: =+T25-S25 -> -33 | BO25: =+U25-T25 -> 34 | BP25: =+V25-U25 -> -6 | BQ25: =+AVERAGE(BK25:BP25) -> 8.6666667 | BR25: =MEDIAN(BK25:BP25) -> 6
A26: C20 | B26: 135 | C26: 173 | D26: 176 | E26: 151 | F26: 164 | G26: 185 | H26: 231 | I26: 74 | J26: 80 | K26: 79 | L26: 70 | M26: 78 | N26: 90 | O26: 115 | P26: 61 | Q26: 93 | R26: 97 | S26: 81 | T26: 86 | U26: 95 | V26: 116 | W26: =+(C26-B26)/B26 -> 0.28148148 | X26: =+(D26-C26)/C26 -> 0.01734104 | Y26: =+(E26-D26)/D26 -> -0.14204545 | Z26: =+(F26-E26)/E26 -> 0.086092715 | AA26: =+(G26-F26)/F26 -> 0.12804878 | AB26: =+(H26-G26)/G26 -> 0.24864865 | AC26: =+AVERAGE(W26:AB26) -> 0.1032612 | AD26: =MEDIAN(W26:AB26) -> 0.10707075 | AE26: =C26-B26 -> 38 | AF26: =D26-C26 -> 3 | AG26: =E26-D26 -> -25 | AH26: =F26-E26 -> 13 | AI26: =G26-F26 -> 21 | AJ26: =H26-G26 -> 46 | AK26: =+AVERAGE(AE26:AJ26) -> 16 | AL26: =+MEDIAN(AE26:AJ26) -> 17 | AM26: =+(J26-I26)/I26 -> 0.081081081 | AN26: =+(K26-J26)/J26 -> -0.0125 | AO26: =+(L26-K26)/K26 -> -0.11392405 | AP26: =+(M26-L26)/L26 -> 0.11428571 | AQ26: =+(N26-M26)/M26 -> 0.15384615 | AR26: =+(O26-N26)/N26 -> 0.27777778 | AS26: =+AVERAGE(AM26:AR26) -> 0.083427779 | AT26: =+MEDIAN(AM26:AR26) -> 0.097683398 | AU26: =J26-I26 -> 6 | AV26: =K26-J26 -> -1 | AW26: =L26-K26 -> -9 | AX26: =M26-L26 -> 8 | AY26: =N26-M26 -> 12 | AZ26: =O26-N26 -> 25 | BA26: =+AVERAGE(AU26:AZ26) -> 6.8333333 | BB26: =MEDIAN(AU26:AZ26) -> 7 | BC26: =+(Q26-P26)/P26 -> 0.52459016 | BD26: =+(R26-Q26)/Q26 -> 0.043010753 | BE26: =+(S26-R26)/R26 -> -0.16494845 | BF26: =+(T26-S26)/S26 -> 0.061728395 | BG26: =+(U26-T26)/T26 -> 0.10465116 | BH26: =+(V26-U26)/U26 -> 0.22105263 | BI26: =+AVERAGE(BC26:BH26) -> 0.13168078 | BJ26: =MEDIAN(BC26:BH26) -> 0.083189779 | BK26: =+Q26-P26 -> 32 | BL26: =+R26-Q26 -> 4 | BM26: =+S26-R26 -> -16 | BN26: =+T26-S26 -> 5 | BO26: =+U26-T26 -> 9 | BP26: =+V26-U26 -> 21 | BQ26: =+AVERAGE(BK26:BP26) -> 9.1666667 | BR26: =MEDIAN(BK26:BP26) -> 7
A27: K65 | B27: 203 | C27: 198 | D27: 217 | E27: 249 | F27: 277 | G27: 283 | H27: 297 | I27: 104 | J27: 97 | K27: 112 | L27: 126 | M27: 129 | N27: 139 | O27: 137 | P27: 99 | Q27: 101 | R27: 105 | S27: 123 | T27: 148 | U27: 144 | V27: 160 | W27: =+(C27-B27)/B27 -> -0.024630542 | X27: =+(D27-C27)/C27 -> 0.095959596 | Y27: =+(E27-D27)/D27 -> 0.14746544 | Z27: =+(F27-E27)/E27 -> 0.1124498 | AA27: =+(G27-F27)/F27 -> 0.02166065 | AB27: =+(H27-G27)/G27 -> 0.049469965 | AC27: =+AVERAGE(W27:AB27) -> 0.067062484 | AD27: =MEDIAN(W27:AB27) -> 0.07271478 | AE27: =C27-B27 -> -5 | AF27: =D27-C27 -> 19 | AG27: =E27-D27 -> 32 | AH27: =F27-E27 -> 28 | AI27: =G27-F27 -> 6 | AJ27: =H27-G27 -> 14 | AK27: =+AVERAGE(AE27:AJ27) -> 15.666667 | AL27: =+MEDIAN(AE27:AJ27) -> 16.5 | AM27: =+(J27-I27)/I27 -> -0.067307692 | AN27: =+(K27-J27)/J27 -> 0.15463918 | AO27: =+(L27-K27)/K27 -> 0.125 | AP27: =+(M27-L27)/L27 -> 0.023809524 | AQ27: =+(N27-M27)/M27 -> 0.07751938 | AR27: =+(O27-N27)/N27 -> -0.014388489 | AS27: =+AVERAGE(AM27:AR27) -> 0.04987865 | AT27: =+MEDIAN(AM27:AR27) -> 0.050664452 | AU27: =J27-I27 -> -7 | AV27: =K27-J27 -> 15 | AW27: =L27-K27 -> 14 | AX27: =M27-L27 -> 3 | AY27: =N27-M27 -> 10 | AZ27: =O27-N27 -> -2 | BA27: =+AVERAGE(AU27:AZ27) -> 5.5 | BB27: =MEDIAN(AU27:AZ27) -> 6.5 | BC27: =+(Q27-P27)/P27 -> 0.02020202 | BD27: =+(R27-Q27)/Q27 -> 0.03960396 | BE27: =+(S27-R27)/R27 -> 0.17142857 | BF27: =+(T27-S27)/S27 -> 0.20325203 | BG27: =+(U27-T27)/T27 -> -0.027027027 | BH27: =+(V27-U27)/U27 -> 0.11111111 | BI27: =+AVERAGE(BC27:BH27) -> 0.086428445 | BJ27: =MEDIAN(BC27:BH27) -> 0.075357536 | BK27: =+Q27-P27 -> 2 | BL27: =+R27-Q27 -> 4 | BM27: =+S27-R27 -> 18 | BN27: =+T27-S27 -> 25 | BO27: =+U27-T27 -> -4 | BP27: =+V27-U27 -> 16 | BQ27: =+AVERAGE(BK27:BP27) -> 10.166667 | BR27: =MEDIAN(BK27:BP27) -> 10
A28: K83 | B28: 106 | C28: 107 | D28: 104 | E28: 124 | F28: 178 | G28: 192 | H28: 193 | I28: 51 | J28: 47 | K28: 41 | L28: 53 | M28: 79 | N28: 91 | O28: 87 | P28: 55 | Q28: 60 | R28: 63 | S28: 71 | T28: 99 | U28: 101 | V28: 106 | W28: =+(C28-B28)/B28 -> 0.0094339623 | X28: =+(D28-C28)/C28 -> -0.028037383 | Y28: =+(E28-D28)/D28 -> 0.19230769 | Z28: =+(F28-E28)/E28 -> 0.43548387 | AA28: =+(G28-F28)/F28 -> 0.078651685 | AB28: =+(H28-G28)/G28 -> 0.0052083333 | AC28: =+AVERAGE(W28:AB28) -> 0.11550803 | AD28: =MEDIAN(W28:AB28) -> 0.044042824 | AE28: =C28-B28 -> 1 | AF28: =D28-C28 -> -3 | AG28: =E28-D28 -> 20 | AH28: =F28-E28 -> 54 | AI28: =G28-F28 -> 14 | AJ28: =H28-G28 -> 1 | AK28: =+AVERAGE(AE28:AJ28) -> 14.5 | AL28: =+MEDIAN(AE28:AJ28) -> 7.5 | AM28: =+(J28-I28)/I28 -> -0.078431373 | AN28: =+(K28-J28)/J28 -> -0.12765957 | AO28: =+(L28-K28)/K28 -> 0.29268293 | AP28: =+(M28-L28)/L28 -> 0.49056604 | AQ28: =+(N28-M28)/M28 -> 0.15189873 | AR28: =+(O28-N28)/N28 -> -0.043956044 | AS28: =+AVERAGE(AM28:AR28) -> 0.11418345 | AT28: =+MEDIAN(AM28:AR28) -> 0.053971345 | AU28: =J28-I28 -> -4 | AV28: =K28-J28 -> -6 | AW28: =L28-K28 -> 12 | AX28: =M28-L28 -> 26 | AY28: =N28-M28 -> 12 | AZ28: =O28-N28 -> -4 | BA28: =+AVERAGE(AU28:AZ28) -> 6 | BB28: =MEDIAN(AU28:AZ28) -> 4 | BC28: =+(Q28-P28)/P28 -> 0.090909091 | BD28: =+(R28-Q28)/Q28 -> 0.05 | BE28: =+(S28-R28)/R28 -> 0.12698413 | BF28: =+(T28-S28)/S28 -> 0.3943662 | BG28: =+(U28-T28)/T28 -> 0.02020202 | BH28: =+(V28-U28)/U28 -> 0.04950495 | BI28: =+AVERAGE(BC28:BH28) -> 0.1219944 | BJ28: =MEDIAN(BC28:BH28) -> 0.070454545 | BK28: =+Q28-P28 -> 5 | BL28: =+R28-Q28 -> 3 | BM28: =+S28-R28 -> 8 | BN28: =+T28-S28 -> 28 | BO28: =+U28-T28 -> 2 | BP28: =+V28-U28 -> 5 | BQ28: =+AVERAGE(BK28:BP28) -> 8.5 | BR28: =MEDIAN(BK28:BP28) -> 5
A29: N19 | B29: 245 | C29: 215 | D29: 217 | E29: 405 | F29: 349 | G29: 364 | H29: 329 | I29: 134 | J29: 116 | K29: 132 | L29: 226 | M29: 193 | N29: 212 | O29: 177 | P29: 111 | Q29: 99 | R29: 85 | S29: 179 | T29: 156 | U29: 152 | V29: 152 | W29: =+(C29-B29)/B29 -> -0.12244898 | X29: =+(D29-C29)/C29 -> 0.0093023256 | Y29: =+(E29-D29)/D29 -> 0.86635945 | Z29: =+(F29-E29)/E29 -> -0.1382716 | AA29: =+(G29-F29)/F29 -> 0.042979943 | AB29: =+(H29-G29)/G29 -> -0.096153846 | AC29: =+AVERAGE(W29:AB29) -> 0.093627881 | AD29: =MEDIAN(W29:AB29) -> -0.04342576 | AE29: =C29-B29 -> -30 | AF29: =D29-C29 -> 2 | AG29: =E29-D29 -> 188 | AH29: =F29-E29 -> -56 | AI29: =G29-F29 -> 15 | AJ29: =H29-G29 -> -35 | AK29: =+AVERAGE(AE29:AJ29) -> 14 | AL29: =+MEDIAN(AE29:AJ29) -> -14 | AM29: =+(J29-I29)/I29 -> -0.13432836 | AN29: =+(K29-J29)/J29 -> 0.13793103 | AO29: =+(L29-K29)/K29 -> 0.71212121 | AP29: =+(M29-L29)/L29 -> -0.1460177 | AQ29: =+(N29-M29)/M29 -> 0.098445596 | AR29: =+(O29-N29)/N29 -> -0.16509434 | AS29: =+AVERAGE(AM29:AR29) -> 0.083842908 | AT29: =+MEDIAN(AM29:AR29) -> -0.017941381 | AU29: =J29-I29 -> -18 | AV29: =K29-J29 -> 16 | AW29: =L29-K29 -> 94 | AX29: =M29-L29 -> -33 | AY29: =N29-M29 -> 19 | AZ29: =O29-N29 -> -35 | BA29: =+AVERAGE(AU29:AZ29) -> 7.1666667 | BB29: =MEDIAN(AU29:AZ29) -> -1 | BC29: =+(Q29-P29)/P29 -> -0.10810811 | BD29: =+(R29-Q29)/Q29 -> -0.14141414 | BE29: =+(S29-R29)/R29 -> 1.1058824 | BF29: =+(T29-S29)/S29 -> -0.12849162 | BG29: =+(U29-T29)/T29 -> -0.025641026 | BH29: =+(V29-U29)/U29 -> 0 | BI29: =+AVERAGE(BC29:BH29) -> 0.11703791 | BJ29: =MEDIAN(BC29:BH29) -> -0.066874567 | BK29: =+Q29-P29 -> -12 | BL29: =+R29-Q29 -> -14 | BM29: =+S29-R29 -> 94 | BN29: =+T29-S29 -> -23 | BO29: =+U29-T29 -> -4 | BP29: =+V29-U29 -> 0 | BQ29: =+AVERAGE(BK29:BP29) -> 6.8333333 | BR29: =MEDIAN(BK29:BP29) -> -8
A30: F03 | B30: 66 | C30: 60 | D30: 41 | E30: 110 | F30: 104 | G30: 133 | H30: 148 | I30: 23 | J30: 19 | K30: 14 | L30: 57 | M30: 44 | N30: 52 | O30: 60 | P30: 43 | Q30: 41 | R30: 27 | S30: 53 | T30: 60 | U30: 81 | V30: 88 | W30: =+(C30-B30)/B30 -> -0.090909091 | X30: =+(D30-C30)/C30 -> -0.31666667 | Y30: =+(E30-D30)/D30 -> 1.6829268 | Z30: =+(F30-E30)/E30 -> -0.054545455 | AA30: =+(G30-F30)/F30 -> 0.27884615 | AB30: =+(H30-G30)/G30 -> 0.11278195 | AC30: =+AVERAGE(W30:AB30) -> 0.26873895 | AD30: =MEDIAN(W30:AB30) -> 0.02911825 | AE30: =C30-B30 -> -6 | AF30: =D30-C30 -> -19 | AG30: =E30-D30 -> 69 | AH30: =F30-E30 -> -6 | AI30: =G30-F30 -> 29 | AJ30: =H30-G30 -> 15 | AK30: =+AVERAGE(AE30:AJ30) -> 13.666667 | AL30: =+MEDIAN(AE30:AJ30) -> 4.5 | AM30: =+(J30-I30)/I30 -> -0.17391304 | AN30: =+(K30-J30)/J30 -> -0.26315789 | AO30: =+(L30-K30)/K30 -> 3.0714286 | AP30: =+(M30-L30)/L30 -> -0.22807018 | AQ30: =+(N30-M30)/M30 -> 0.18181818 | AR30: =+(O30-N30)/N30 -> 0.15384615 | AS30: =+AVERAGE(AM30:AR30) -> 0.45699197 | AT30: =+MEDIAN(AM30:AR30) -> -0.010033445 | AU30: =J30-I30 -> -4 | AV30: =K30-J30 -> -5 | AW30: =L30-K30 -> 43 | AX30: =M30-L30 -> -13 | AY30: =N30-M30 -> 8 | AZ30: =O30-N30 -> 8 | BA30: =+AVERAGE(AU30:AZ30) -> 6.1666667 | BB30: =MEDIAN(AU30:AZ30) -> 2 | BC30: =+(Q30-P30)/P30 -> -0.046511628 | BD30: =+(R30-Q30)/Q30 -> -0.34146341 | BE30: =+(S30-R30)/R30 -> 0.96296296 | BF30: =+(T30-S30)/S30 -> 0.13207547 | BG30: =+(U30-T30)/T30 -> 0.35 | BH30: =+(V30-U30)/U30 -> 0.086419753 | BI30: =+AVERAGE(BC30:BH30) -> 0.19058052 | BJ30: =MEDIAN(BC30:BH30) -> 0.10924761 | BK30: =+Q30-P30 -> -2 | BL30: =+R30-Q30 -> -14 | BM30: =+S30-R30 -> 26 | BN30: =+T30-S30 -> 7 | BO30: =+U30-T30 -> 21 | BP30: =+V30-U30 -> 7 | BQ30: =+AVERAGE(BK30:BP30) -> 7.5 | BR30: =MEDIAN(BK30:BP30) -> 7
A31: C71 | B31: 337 | C31: 430 | D31: 421 | E31: 335 | F31: 356 | G31: 360 | H31: 418 | I31: 171 | J31: 237 | K31: 223 | L31: 177 | M31: 187 | N31: 207 | O31: 226 | P31: 166 | Q31: 193 | R31: 198 | S31: 158 | T31: 169 | U31: 153 | V31: 192 | W31: =+(C31-B31)/B31 -> 0.27596439 | X31: =+(D31-C31)/C31 -> -0.020930233 | Y31: =+(E31-D31)/D31 -> -0.20427553 | Z31: =+(F31-E31)/E31 -> 0.062686567 | AA31: =+(G31-F31)/F31 -> 0.011235955 | AB31: =+(H31-G31)/G31 -> 0.16111111 | AC31: =+AVERAGE(W31:AB31) -> 0.047632043 | AD31: =MEDIAN(W31:AB31) -> 0.036961261 | AE31: =C31-B31 -> 93 | AF31: =D31-C31 -> -9 | AG31: =E31-D31 -> -86 | AH31: =F31-E31 -> 21 | AI31: =G31-F31 -> 4 | AJ31: =H31-G31 -> 58 | AK31: =+AVERAGE(AE31:AJ31) -> 13.5 | AL31: =+MEDIAN(AE31:AJ31) -> 12.5 | AM31: =+(J31-I31)/I31 -> 0.38596491 | AN31: =+(K31-J31)/J31 -> -0.05907173 | AO31: =+(L31-K31)/K31 -> -0.20627803 | AP31: =+(M31-L31)/L31 -> 0.056497175 | AQ31: =+(N31-M31)/M31 -> 0.10695187 | AR31: =+(O31-N31)/N31 -> 0.09178744 | AS31: =+AVERAGE(AM31:AR31) -> 0.06264194 | AT31: =+MEDIAN(AM31:AR31) -> 0.074142307 | AU31: =J31-I31 -> 66 | AV31: =K31-J31 -> -14 | AW31: =L31-K31 -> -46 | AX31: =M31-L31 -> 10 | AY31: =N31-M31 -> 20 | AZ31: =O31-N31 -> 19 | BA31: =+AVERAGE(AU31:AZ31) -> 9.1666667 | BB31: =MEDIAN(AU31:AZ31) -> 14.5 | BC31: =+(Q31-P31)/P31 -> 0.1626506 | BD31: =+(R31-Q31)/Q31 -> 0.025906736 | BE31: =+(S31-R31)/R31 -> -0.2020202 | BF31: =+(T31-S31)/S31 -> 0.069620253 | BG31: =+(U31-T31)/T31 -> -0.094674556 | BH31: =+(V31-U31)/U31 -> 0.25490196 | BI31: =+AVERAGE(BC31:BH31) -> 0.036064132 | BJ31: =MEDIAN(BC31:BH31) -> 0.047763494 | BK31: =+Q31-P31 -> 27 | BL31: =+R31-Q31 -> 5 | BM31: =+S31-R31 -> -40 | BN31: =+T31-S31 -> 11 | BO31: =+U31-T31 -> -16 | BP31: =+V31-U31 -> 39 | BQ31: =+AVERAGE(BK31:BP31) -> 4.3333333 | BR31: =MEDIAN(BK31:BP31) -> 8
A32: D48 | B32: 69 | C32: 82 | D32: 107 | E32: 118 | F32: 120 | G32: 146 | H32: 149 | I32: 31 | J32: 35 | K32: 46 | L32: 45 | M32: 62 | N32: 71 | O32: 67 | P32: 38 | Q32: 47 | R32: 61 | S32: 73 | T32: 58 | U32: 75 | V32: 82 | W32: =+(C32-B32)/B32 -> 0.1884058 | X32: =+(D32-C32)/C32 -> 0.30487805 | Y32: =+(E32-D32)/D32 -> 0.10280374 | Z32: =+(F32-E32)/E32 -> 0.016949153 | AA32: =+(G32-F32)/F32 -> 0.21666667 | AB32: =+(H32-G32)/G32 -> 0.020547945 | AC32: =+AVERAGE(W32:AB32) -> 0.14170856 | AD32: =MEDIAN(W32:AB32) -> 0.14560477 | AE32: =C32-B32 -> 13 | AF32: =D32-C32 -> 25 | AG32: =E32-D32 -> 11 | AH32: =F32-E32 -> 2 | AI32: =G32-F32 -> 26 | AJ32: =H32-G32 -> 3 | AK32: =+AVERAGE(AE32:AJ32) -> 13.333333 | AL32: =+MEDIAN(AE32:AJ32) -> 12 | AM32: =+(J32-I32)/I32 -> 0.12903226 | AN32: =+(K32-J32)/J32 -> 0.31428571 | AO32: =+(L32-K32)/K32 -> -0.02173913 | AP32: =+(M32-L32)/L32 -> 0.37777778 | AQ32: =+(N32-M32)/M32 -> 0.14516129 | AR32: =+(O32-N32)/N32 -> -0.056338028 | AS32: =+AVERAGE(AM32:AR32) -> 0.14802998 | AT32: =+MEDIAN(AM32:AR32) -> 0.13709677 | AU32: =J32-I32 -> 4 | AV32: =K32-J32 -> 11 | AW32: =L32-K32 -> -1 | AX32: =M32-L32 -> 17 | AY32: =N32-M32 -> 9 | AZ32: =O32-N32 -> -4 | BA32: =+AVERAGE(AU32:AZ32) -> 6 | BB32: =MEDIAN(AU32:AZ32) -> 6.5 | BC32: =+(Q32-P32)/P32 -> 0.23684211 | BD32: =+(R32-Q32)/Q32 -> 0.29787234 | BE32: =+(S32-R32)/R32 -> 0.19672131 | BF32: =+(T32-S32)/S32 -> -0.20547945 | BG32: =+(U32-T32)/T32 -> 0.29310345 | BH32: =+(V32-U32)/U32 -> 0.093333333 | BI32: =+AVERAGE(BC32:BH32) -> 0.15206551 | BJ32: =MEDIAN(BC32:BH32) -> 0.21678171 | BK32: =+Q32-P32 -> 9 | BL32: =+R32-Q32 -> 14 | BM32: =+S32-R32 -> 12 | BN32: =+T32-S32 -> -15 | BO32: =+U32-T32 -> 17 | BP32: =+V32-U32 -> 7 | BQ32: =+AVERAGE(BK32:BP32) -> 7.3333333 | BR32: =MEDIAN(BK32:BP32) -> 10.5
A33: L08 | B33: 43 | C33: 43 | D33: 67 | E33: 130 | F33: 144 | G33: 160 | H33: 122 | I33: 16 | J33: 19 | K33: 36 | L33: 65 | M33: 65 | N33: 92 | O33: 57 | P33: 27 | Q33: 24 | R33: 31 | S33: 65 | T33: 79 | U33: 68 | V33: 65 | W33: =+(C33-B33)/B33 -> 0 | X33: =+(D33-C33)/C33 -> 0.55813953 | Y33: =+(E33-D33)/D33 -> 0.94029851 | Z33: =+(F33-E33)/E33 -> 0.10769231 | AA33: =+(G33-F33)/F33 -> 0.11111111 | AB33: =+(H33-G33)/G33 -> -0.2375 | AC33: =+AVERAGE(W33:AB33) -> 0.24662358 | AD33: =MEDIAN(W33:AB33) -> 0.10940171 | AE33: =C33-B33 -> 0 | AF33: =D33-C33 -> 24 | AG33: =E33-D33 -> 63 | AH33: =F33-E33 -> 14 | AI33: =G33-F33 -> 16 | AJ33: =H33-G33 -> -38 | AK33: =+AVERAGE(AE33:AJ33) -> 13.166667 | AL33: =+MEDIAN(AE33:AJ33) -> 15 | AM33: =+(J33-I33)/I33 -> 0.1875 | AN33: =+(K33-J33)/J33 -> 0.89473684 | AO33: =+(L33-K33)/K33 -> 0.80555556 | AP33: =+(M33-L33)/L33 -> 0 | AQ33: =+(N33-M33)/M33 -> 0.41538462 | AR33: =+(O33-N33)/N33 -> -0.38043478 | AS33: =+AVERAGE(AM33:AR33) -> 0.32045704 | AT33: =+MEDIAN(AM33:AR33) -> 0.30144231 | AU33: =J33-I33 -> 3 | AV33: =K33-J33 -> 17 | AW33: =L33-K33 -> 29 | AX33: =M33-L33 -> 0 | AY33: =N33-M33 -> 27 | AZ33: =O33-N33 -> -35 | BA33: =+AVERAGE(AU33:AZ33) -> 6.8333333 | BB33: =MEDIAN(AU33:AZ33) -> 10 | BC33: =+(Q33-P33)/P33 -> -0.11111111 | BD33: =+(R33-Q33)/Q33 -> 0.29166667 | BE33: =+(S33-R33)/R33 -> 1.0967742 | BF33: =+(T33-S33)/S33 -> 0.21538462 | BG33: =+(U33-T33)/T33 -> -0.13924051 | BH33: =+(V33-U33)/U33 -> -0.044117647 | BI33: =+AVERAGE(BC33:BH33) -> 0.21822604 | BJ33: =MEDIAN(BC33:BH33) -> 0.085633484 | BK33: =+Q33-P33 -> -3 | BL33: =+R33-Q33 -> 7 | BM33: =+S33-R33 -> 34 | BN33: =+T33-S33 -> 14 | BO33: =+U33-T33 -> -11 | BP33: =+V33-U33 -> -3 | BQ33: =+AVERAGE(BK33:BP33) -> 6.3333333 | BR33: =MEDIAN(BK33:BP33) -> 2
A34: K74 | B34: 1758 | C34: 1768 | D34: 1738 | E34: 1609 | F34: 1777 | G34: 1962 | H34: 1828 | I34: 983 | J34: 995 | K34: 985 | L34: 950 | M34: 973 | N34: 1089 | O34: 1006 | P34: 775 | Q34: 773 | R34: 753 | S34: 659 | T34: 804 | U34: 873 | V34: 822 | W34: =+(C34-B34)/B34 -> 0.0056882821 | X34: =+(D34-C34)/C34 -> -0.016968326 | Y34: =+(E34-D34)/D34 -> -0.074223245 | Z34: =+(F34-E34)/E34 -> 0.10441268 | AA34: =+(G34-F34)/F34 -> 0.10410805 | AB34: =+(H34-G34)/G34 -> -0.068297655 | AC34: =+AVERAGE(W34:AB34) -> 0.0091199636 | AD34: =MEDIAN(W34:AB34) -> -0.0056400218 | AE34: =C34-B34 -> 10 | AF34: =D34-C34 -> -30 | AG34: =E34-D34 -> -129 | AH34: =F34-E34 -> 168 | AI34: =G34-F34 -> 185 | AJ34: =H34-G34 -> -134 | AK34: =+AVERAGE(AE34:AJ34) -> 11.666667 | AL34: =+MEDIAN(AE34:AJ34) -> -10 | AM34: =+(J34-I34)/I34 -> 0.012207528 | AN34: =+(K34-J34)/J34 -> -0.010050251 | AO34: =+(L34-K34)/K34 -> -0.035532995 | AP34: =+(M34-L34)/L34 -> 0.024210526 | AQ34: =+(N34-M34)/M34 -> 0.11921891 | AR34: =+(O34-N34)/N34 -> -0.076216713 | AS34: =+AVERAGE(AM34:AR34) -> 0.005639501 | AT34: =+MEDIAN(AM34:AR34) -> 0.0010786384 | AU34: =J34-I34 -> 12 | AV34: =K34-J34 -> -10 | AW34: =L34-K34 -> -35 | AX34: =M34-L34 -> 23 | AY34: =N34-M34 -> 116 | AZ34: =O34-N34 -> -83 | BA34: =+AVERAGE(AU34:AZ34) -> 3.8333333 | BB34: =MEDIAN(AU34:AZ34) -> 1 | BC34: =+(Q34-P34)/P34 -> -0.0025806452 | BD34: =+(R34-Q34)/Q34 -> -0.025873221 | BE34: =+(S34-R34)/R34 -> -0.124834 | BF34: =+(T34-S34)/S34 -> 0.22003035 | BG34: =+(U34-T34)/T34 -> 0.085820896 | BH34: =+(V34-U34)/U34 -> -0.058419244 | BI34: =+AVERAGE(BC34:BH34) -> 0.015690689 | BJ34: =MEDIAN(BC34:BH34) -> -0.014226933 | BK34: =+Q34-P34 -> -2 | BL34: =+R34-Q34 -> -20 | BM34: =+S34-R34 -> -94 | BN34: =+T34-S34 -> 145 | BO34: =+U34-T34 -> 69 | BP34: =+V34-U34 -> -51 | BQ34: =+AVERAGE(BK34:BP34) -> 7.8333333 | BR34: =MEDIAN(BK34:BP34) -> -11
... A51: K71 | B51: 21 | C51: 32 | D51: 51 | E51: 61 | F51: 72 | G51: 81 | H51: 68 | I51: 11 | J51: 18 | K51: 23 | L51: 38 | M51: 35 | N51: 40 | O51: 36 | P51: 10 | Q51: 14 | R51: 28 | S51: 23 | T51: 37 | U51: 41 | V51: 32 | W51: =+(C51-B51)/B51 -> 0.52380952 | X51: =+(D51-C51)/C51 -> 0.59375 | Y51: =+(E51-D51)/D51 -> 0.19607843 | Z51: =+(F51-E51)/E51 -> 0.18032787 | AA51: =+(G51-F51)/F51 -> 0.125 | AB51: =+(H51-G51)/G51 -> -0.16049383 | AC51: =+AVERAGE(W51:AB51) -> 0.24307867 | AD51: =MEDIAN(W51:AB51) -> 0.18820315 | AE51: =C51-B51 -> 11 | AF51: =D51-C51 -> 19 | AG51: =E51-D51 -> 10 | AH51: =F51-E51 -> 11 | AI51: =G51-F51 -> 9 | AJ51: =H51-G51 -> -13 | AK51: =+AVERAGE(AE51:AJ51) -> 7.8333333 | AL51: =+MEDIAN(AE51:AJ51) -> 10.5 | AM51: =+(J51-I51)/I51 -> 0.63636364 | AN51: =+(K51-J51)/J51 -> 0.27777778 | AO51: =+(L51-K51)/K51 -> 0.65217391 | AP51: =+(M51-L51)/L51 -> -0.078947368 | AQ51: =+(N51-M51)/M51 -> 0.14285714 | AR51: =+(O51-N51)/N51 -> -0.1 | AS51: =+AVERAGE(AM51:AR51) -> 0.25503752 | AT51: =+MEDIAN(AM51:AR51) -> 0.21031746 | AU51: =J51-I51 -> 7 | AV51: =K51-J51 -> 5 | AW51: =L51-K51 -> 15 | AX51: =M51-L51 -> -3 | AY51: =N51-M51 -> 5 | AZ51: =O51-N51 -> -4 | BA51: =+AVERAGE(AU51:AZ51) -> 4.1666667 | BB51: =MEDIAN(AU51:AZ51) -> 5 | BC51: =+(Q51-P51)/P51 -> 0.4 | BD51: =+(R51-Q51)/Q51 -> 1 | BE51: =+(S51-R51)/R51 -> -0.17857143 | BF51: =+(T51-S51)/S51 -> 0.60869565 | BG51: =+(U51-T51)/T51 -> 0.10810811 | BH51: =+(V51-U51)/U51 -> -0.2195122 | BI51: =+AVERAGE(BC51:BH51) -> 0.28645336 | BJ51: =MEDIAN(BC51:BH51) -> 0.25405405 | BK51: =+Q51-P51 -> 4 | BL51: =+R51-Q51 -> 14 | BM51: =+S51-R51 -> -5 | BN51: =+T51-S51 -> 14 | BO51: =+U51-T51 -> 4 | BP51: =+V51-U51 -> -9 | BQ51: =+AVERAGE(BK51:BP51) -> 3.6666667 | BR51: =MEDIAN(BK51:BP51) -> 4
A52: C56 | B52: 235 | C52: 227 | D52: 233 | E52: 251 | F52: 266 | G52: 250 | H52: 281 | P52: 235 | Q52: 227 | R52: 233 | S52: 251 | T52: 266 | U52: 250 | V52: 281 | W52: =+(C52-B52)/B52 -> -0.034042553 | X52: =+(D52-C52)/C52 -> 0.026431718 | Y52: =+(E52-D52)/D52 -> 0.077253219 | Z52: =+(F52-E52)/E52 -> 0.059760956 | AA52: =+(G52-F52)/F52 -> -0.060150376 | AB52: =+(H52-G52)/G52 -> 0.124 | AC52: =+AVERAGE(W52:AB52) -> 0.032208827 | AD52: =MEDIAN(W52:AB52) -> 0.043096337 | AE52: =C52-B52 -> -8 | AF52: =D52-C52 -> 6 | AG52: =E52-D52 -> 18 | AH52: =F52-E52 -> 15 | AI52: =G52-F52 -> -16 | AJ52: =H52-G52 -> 31 | AK52: =+AVERAGE(AE52:AJ52) -> 7.6666667 | AL52: =+MEDIAN(AE52:AJ52) -> 10.5 | AM52: =+(J52-I52)/I52 -> #DIV/0! | AN52: =+(K52-J52)/J52 -> #DIV/0! | AO52: =+(L52-K52)/K52 -> #DIV/0! | AP52: =+(M52-L52)/L52 -> #DIV/0! | AQ52: =+(N52-M52)/M52 -> #DIV/0! | AR52: =+(O52-N52)/N52 -> #DIV/0! | AS52: =+AVERAGE(AM52:AR52) -> #DIV/0! | AT52: =+MEDIAN(AM52:AR52) -> #DIV/0! | AU52: =J52-I52 -> 0 | AV52: =K52-J52 -> 0 | AW52: =L52-K52 -> 0 | AX52: =M52-L52 -> 0 | AY52: =N52-M52 -> 0 | AZ52: =O52-N52 -> 0 | BA52: =+AVERAGE(AU52:AZ52) -> 0 | BB52: =MEDIAN(AU52:AZ52) -> 0 | BC52: =+(Q52-P52)/P52 -> -0.034042553 | BD52: =+(R52-Q52)/Q52 -> 0.026431718 | BE52: =+(S52-R52)/R52 -> 0.077253219 | BF52: =+(T52-S52)/S52 -> 0.059760956 | BG52: =+(U52-T52)/T52 -> -0.060150376 | BH52: =+(V52-U52)/U52 -> 0.124 | BI52: =+AVERAGE(BC52:BH52) -> 0.032208827 | BJ52: =MEDIAN(BC52:BH52) -> 0.043096337 | BK52: =+Q52-P52 -> -8 | BL52: =+R52-Q52 -> 6 | BM52: =+S52-R52 -> 18 | BN52: =+T52-S52 -> 15 | BO52: =+U52-T52 -> -16 | BP52: =+V52-U52 -> 31 | BQ52: =+AVERAGE(BK52:BP52) -> 7.6666667 | BR52: =MEDIAN(BK52:BP52) -> 10.5
A53: I46 | B53: 18 | C53: 2 | D53: 52 | E53: 135 | F53: 71 | G53: 57 | H53: 63 | I53: 7 | J53: 1 | K53: 25 | L53: 78 | M53: 34 | N53: 30 | O53: 31 | P53: 11 | Q53: 1 | R53: 27 | S53: 57 | T53: 37 | U53: 27 | V53: 32 | W53: =+(C53-B53)/B53 -> -0.88888889 | X53: =+(D53-C53)/C53 -> 25 | Y53: =+(E53-D53)/D53 -> 1.5961538 | Z53: =+(F53-E53)/E53 -> -0.47407407 | AA53: =+(G53-F53)/F53 -> -0.1971831 | AB53: =+(H53-G53)/G53 -> 0.10526316 | AC53: =+AVERAGE(W53:AB53) -> 4.1902118 | AD53: =MEDIAN(W53:AB53) -> -0.04595997 | AE53: =C53-B53 -> -16 | AF53: =D53-C53 -> 50 | AG53: =E53-D53 -> 83 | AH53: =F53-E53 -> -64 | AI53: =G53-F53 -> -14 | AJ53: =H53-G53 -> 6 | AK53: =+AVERAGE(AE53:AJ53) -> 7.5 | AL53: =+MEDIAN(AE53:AJ53) -> -4 | AM53: =+(J53-I53)/I53 -> -0.85714286 | AN53: =+(K53-J53)/J53 -> 24 | AO53: =+(L53-K53)/K53 -> 2.12 | AP53: =+(M53-L53)/L53 -> -0.56410256 | AQ53: =+(N53-M53)/M53 -> -0.11764706 | AR53: =+(O53-N53)/N53 -> 0.033333333 | AS53: =+AVERAGE(AM53:AR53) -> 4.1024068 | AT53: =+MEDIAN(AM53:AR53) -> -0.042156863 | AU53: =J53-I53 -> -6 | AV53: =K53-J53 -> 24 | AW53: =L53-K53 -> 53 | AX53: =M53-L53 -> -44 | AY53: =N53-M53 -> -4 | AZ53: =O53-N53 -> 1 | BA53: =+AVERAGE(AU53:AZ53) -> 4 | BB53: =MEDIAN(AU53:AZ53) -> -1.5 | BC53: =+(Q53-P53)/P53 -> -0.90909091 | BD53: =+(R53-Q53)/Q53 -> 26 | BE53: =+(S53-R53)/R53 -> 1.1111111 | BF53: =+(T53-S53)/S53 -> -0.35087719 | BG53: =+(U53-T53)/T53 -> -0.27027027 | BH53: =+(V53-U53)/U53 -> 0.18518519 | BI53: =+AVERAGE(BC53:BH53) -> 4.294343 | BJ53: =MEDIAN(BC53:BH53) -> -0.042542543 | BK53: =+Q53-P53 -> -10 | BL53: =+R53-Q53 -> 26 | BM53: =+S53-R53 -> 30 | BN53: =+T53-S53 -> -20 | BO53: =+U53-T53 -> -10 | BP53: =+V53-U53 -> 5 | BQ53: =+AVERAGE(BK53:BP53) -> 3.5 | BR53: =MEDIAN(BK53:BP53) -> -2.5
A54: I27 | B54: 100 | C54: 122 | D54: 106 | E54: 139 | F54: 122 | G54: 147 | H54: 143 | I54: 50 | J54: 56 | K54: 53 | L54: 72 | M54: 44 | N54: 58 | O54: 55 | P54: 50 | Q54: 66 | R54: 53 | S54: 67 | T54: 78 | U54: 89 | V54: 88 | W54: =+(C54-B54)/B54 -> 0.22 | X54: =+(D54-C54)/C54 -> -0.13114754 | Y54: =+(E54-D54)/D54 -> 0.31132075 | Z54: =+(F54-E54)/E54 -> -0.12230216 | AA54: =+(G54-F54)/F54 -> 0.20491803 | AB54: =+(H54-G54)/G54 -> -0.027210884 | AC54: =+AVERAGE(W54:AB54) -> 0.075929701 | AD54: =MEDIAN(W54:AB54) -> 0.088853574 | AE54: =C54-B54 -> 22 | AF54: =D54-C54 -> -16 | AG54: =E54-D54 -> 33 | AH54: =F54-E54 -> -17 | AI54: =G54-F54 -> 25 | AJ54: =H54-G54 -> -4 | AK54: =+AVERAGE(AE54:AJ54) -> 7.1666667 | AL54: =+MEDIAN(AE54:AJ54) -> 9 | AM54: =+(J54-I54)/I54 -> 0.12 | AN54: =+(K54-J54)/J54 -> -0.053571429 | AO54: =+(L54-K54)/K54 -> 0.35849057 | AP54: =+(M54-L54)/L54 -> -0.38888889 | AQ54: =+(N54-M54)/M54 -> 0.31818182 | AR54: =+(O54-N54)/N54 -> -0.051724138 | AS54: =+AVERAGE(AM54:AR54) -> 0.050414655 | AT54: =+MEDIAN(AM54:AR54) -> 0.034137931 | AU54: =J54-I54 -> 6 | AV54: =K54-J54 -> -3 | AW54: =L54-K54 -> 19 | AX54: =M54-L54 -> -28 | AY54: =N54-M54 -> 14 | AZ54: =O54-N54 -> -3 | BA54: =+AVERAGE(AU54:AZ54) -> 0.83333333 | BB54: =MEDIAN(AU54:AZ54) -> 1.5 | BC54: =+(Q54-P54)/P54 -> 0.32 | BD54: =+(R54-Q54)/Q54 -> -0.1969697 | BE54: =+(S54-R54)/R54 -> 0.26415094 | BF54: =+(T54-S54)/S54 -> 0.1641791 | BG54: =+(U54-T54)/T54 -> 0.14102564 | BH54: =+(V54-U54)/U54 -> -0.011235955 | BI54: =+AVERAGE(BC54:BH54) -> 0.11352501 | BJ54: =MEDIAN(BC54:BH54) -> 0.15260237 | BK54: =+Q54-P54 -> 16 | BL54: =+R54-Q54 -> -13 | BM54: =+S54-R54 -> 14 | BN54: =+T54-S54 -> 11 | BO54: =+U54-T54 -> 11 | BP54: =+V54-U54 -> -1 | BQ54: =+AVERAGE(BK54:BP54) -> 6.3333333 | BR54: =MEDIAN(BK54:BP54) -> 11
